-- ============================================================================
-- UseFin — seed.sql  (base REAL da Sprint de Validação de Canais)
-- Gerado de: CRM Consolidado (1).xlsx — aba 📋 Prospecção.
-- 5 canais · 212 cafeterias (contas) · 212 oportunidades · 29 tarefas · 2 gates.
-- Sem dados fictícios. Investimento zerado (a usuária lança custos reais em Roadmap › Custos).
-- O tracking semanal (pipeline_eventos) é semeado pelas DATAS REAIS de contato e,
-- daí em diante, atualiza sozinho a cada mudança de estágio (trigger trg_log_pipeline_evento).
-- Rodar APÓS as migrations (schema + RLS + views + pipeline_eventos + tracking preciso).
-- ============================================================================

begin;

truncate table mensagens_log, modelos_mensagem, voz_do_cliente, interacoes, contatos,
  pipeline_eventos, oportunidades, contas, tarefas, gates, investimentos,
  snapshots_semanais, canais restart identity cascade;

-- ---------- Canais (a unidade central) ----------
insert into canais (id,slug,nome,prioridade,hipotese,teste_minimo,metrica_sucesso,meta_vs_baseline,dependencia,responsavel,gate_data,ordem) values
('1948d0dd-cc43-5c6b-bff1-4883dd942d44','base-yungas','Base Yungas (parceria)',1,'Clientes da Yungas (franquias/food service) são ICP exato; indicação morna converte muito.','Fechar 1 mecanismo de acesso (intros mornas, co-marketing ou webinar) e rodar piloto.','≥40% das intros viram discovery; ≥3 pilotos/fechamentos.','≥10x a conversão do frio','Alinhamento Henrique + contato Yungas; definir contrapartida.','Natalia + Henrique','2026-07-18',1),
('c52640de-ec41-5c26-97de-4fc81d8f6c1e','member-get-member','Member-get-member',2,'Dono satisfeito indica 1–2 pares se pedirmos com incentivo claro.','Pedir 2 indicações a cada cliente ativo + incentivo (1 mês grátis / desconto).','≥0,5 indicação por cliente; conversão das indicações.','Indicação > frio por definição','Requer clientes ativos satisfeitos.','Natalia','2026-07-18',2),
('ee59e5dc-f871-5187-9cb6-f769b03dd9f6','indicacoes','Indicações (rede e advisors)',2,'A rede da Natalia/Fin (JCI, FoundersClub, RD, Founder Haus, advisors) gera intros qualificadas.','Mapear 20 conexões de 2º grau no ICP; pedir intro a 10.','Nº de intros qualificadas em 3 semanas (meta ≥5).','Intro > frio por definição','Tempo da Natalia; começa já (S1).','Natalia','2026-07-18',3),
('84043611-274c-5fbc-9c5f-cf8bf7fd12a6','outbound','Outbound (reformulado)',3,'Outbound só funciona com ICP estreito + contato DIRETO com o decisor + 1ª mensagem ancorada na dor.','30 donos abordados direto (IG DM/LinkedIn), A/B de 2 mensagens de dor.','Contato→reunião ≥10–15%.','≥5–7x baseline p/ seguir','Lista de decisores (não número do balcão); mensagens reescritas.','Natalia','2026-07-18',4),
('ef3be889-0994-57f5-9665-c3e04d1fc4ce','inbound','Inbound (cobertura aérea)',4,'Conteúdo (LinkedIn: negócios×IA×comportamento) + site claro geram inbound qualificado ao longo do tempo.','Cadência 3x/semana + corrigir site (SPA não indexável) + CTA claro.','Nº de conversas inbound iniciadas/mês.','Não medir fechamento na janela','Correção do site (dev Fin); constância de publicação.','Natalia (+ dev Fin)','2026-08-22',5);

-- ---------- Investimento por canal (zerado — custo real entra em Roadmap › Custos) ----------
insert into investimentos (canal_id,planejado,executado,periodo) values
('1948d0dd-cc43-5c6b-bff1-4883dd942d44',0,0,'Sprint 16/jun–24/ago'),
('c52640de-ec41-5c26-97de-4fc81d8f6c1e',0,0,'Sprint 16/jun–24/ago'),
('ee59e5dc-f871-5187-9cb6-f769b03dd9f6',0,0,'Sprint 16/jun–24/ago'),
('84043611-274c-5fbc-9c5f-cf8bf7fd12a6',0,0,'Sprint 16/jun–24/ago'),
('ef3be889-0994-57f5-9665-c3e04d1fc4ce',0,0,'Sprint 16/jun–24/ago');

-- ---------- Gates de decisão ----------
insert into gates (nome,data,criterio,decisao_possivel,ordem) values
('Gate 1 — meio','2026-07-18','Conversão por canal vs baseline de 2%; custo/esforço por reunião gerada.','Matar canal morto • iterar promissor • escalar vencedor',1),
('Gate 2 — final','2026-08-22','Qual canal entrega reuniões/fechamentos de forma repetível e barata?','Recomendar 1–2 canais p/ escalar no próximo ciclo + readout p/ aprofundamento',2);

-- ---------- Tarefas (29) ----------
insert into tarefas (id,codigo,canal_id,frente,titulo,responsavel,data_inicio,prazo,status,ordem) values
('622b082f-b47d-57a8-aa45-feea78a7f47e','S1',null,'Setup','Decidir nome único (Fin vs UseFin) e alinhar domínio/IG/LinkedIn','Natalia + Henrique','2026-06-16','2026-06-20','a_fazer',1),
('b4798ef6-4cd4-5d5b-948a-d961b4176634','S2',null,'Setup','Resolver inconsistência de preço (99/590 vs 250/850)','Natalia + Henrique','2026-06-16','2026-06-20','a_fazer',2),
('64b30dd9-3dbf-51ea-bf06-44625ee26749','S3',null,'Setup','Definir ICP preciso (segmento, faturamento, nº de unidades)','Natalia','2026-06-16','2026-06-20','a_fazer',3),
('d6c2dfb2-9ccb-500a-ae5f-b616b746009a','S4',null,'Setup','Criar campo ''Canal/Origem'' + status padronizado no CRM','Natalia','2026-06-16','2026-06-22','a_fazer',4),
('3ffe87fc-774c-56c5-82bf-3516780a4fa9','S5',null,'Setup','Registrar baseline (2%) e metas por canal','Natalia','2026-06-18','2026-06-22','a_fazer',5),
('642e11fe-5608-5f38-9874-7ddef7cebc3c','S6',null,'Setup','Montar prova: 2–3 cases/depoimentos + one-pager','Natalia + Henrique','2026-06-16','2026-06-27','a_fazer',6),
('59e91b14-4406-5a42-8099-01431408273e','Y1','1948d0dd-cc43-5c6b-bff1-4883dd942d44','Yungas','Alinhar com Henrique a abordagem à Yungas + contrapartida','Natalia + Henrique','2026-06-16','2026-06-20','a_fazer',7),
('b9f3bc3d-9766-5f68-87e1-9619ef1dc55f','Y2','1948d0dd-cc43-5c6b-bff1-4883dd942d44','Yungas','Reunião c/ contato Yungas: definir mecanismo (intros/co-mkt/webinar)','Henrique','2026-06-23','2026-06-27','a_fazer',8),
('1c4253e0-d25f-5bf6-b277-319a36ba304e','Y3','1948d0dd-cc43-5c6b-bff1-4883dd942d44','Yungas','Selecionar 10–20 contas-piloto da base no ICP','Natalia','2026-06-27','2026-06-30','a_fazer',9),
('3d36306c-2b08-5718-8168-a97f020f54a5','Y4','1948d0dd-cc43-5c6b-bff1-4883dd942d44','Yungas','Rodar piloto de intros mornas + discovery','Natalia','2026-06-30','2026-07-18','a_fazer',10),
('57a7271c-938f-5d81-8016-5ce140ca4d99','Y5','1948d0dd-cc43-5c6b-bff1-4883dd942d44','Yungas','Gate: medir conversão vs baseline; decidir escala','Natalia + Henrique','2026-07-18','2026-07-18','a_fazer',11),
('588464c1-8178-5a95-9ad8-b579b7c6c174','M1','c52640de-ec41-5c26-97de-4fc81d8f6c1e','Member-get-member','Mapear clientes ativos satisfeitos (pré-requisito)','Natalia','2026-06-23','2026-06-25','a_fazer',12),
('c587ca33-f2bc-57c2-a08e-fd64edbc074d','M2','c52640de-ec41-5c26-97de-4fc81d8f6c1e','Member-get-member','Definir incentivo de indicação','Natalia + Henrique','2026-06-23','2026-06-27','a_fazer',13),
('2f06b549-9e33-5e10-b853-9958d70bedad','M3','c52640de-ec41-5c26-97de-4fc81d8f6c1e','Member-get-member','Pedir 2 indicações a cada cliente ativo','Natalia','2026-06-30','2026-07-18','a_fazer',14),
('4a52d1aa-4ea9-5850-b321-3c8fa8fbb0ea','M4','c52640de-ec41-5c26-97de-4fc81d8f6c1e','Member-get-member','Gate: taxa de indicação e conversão','Natalia','2026-07-18','2026-07-18','a_fazer',15),
('187899b1-295f-5df9-9b6b-267173656aea','I1','ee59e5dc-f871-5187-9cb6-f769b03dd9f6','Indicações','Mapear 20 conexões 2º grau no ICP (JCI, FoundersClub, RD, Founder Haus)','Natalia','2026-06-16','2026-06-25','a_fazer',16),
('659eaa3e-552f-50ad-b46f-ea30c3190673','I2','ee59e5dc-f871-5187-9cb6-f769b03dd9f6','Indicações','Pedir intro a 10 conexões','Natalia','2026-06-23','2026-07-11','a_fazer',17),
('5c50da32-6c42-5398-b719-5907a45ef4eb','I3','ee59e5dc-f871-5187-9cb6-f769b03dd9f6','Indicações','Gate: nº de intros qualificadas','Natalia','2026-07-18','2026-07-18','a_fazer',18),
('a74b0973-4af3-5b16-aeca-9d6dc59975a7','O1','84043611-274c-5fbc-9c5f-cf8bf7fd12a6','Outbound','Reescrever 1º toque ancorado na dor (parar pesquisa paga)','Natalia','2026-06-23','2026-06-27','a_fazer',19),
('416eb946-d6f5-5de3-8ff7-bc1ed6a7a11a','O2','84043611-274c-5fbc-9c5f-cf8bf7fd12a6','Outbound','Montar lista de 30 DECISORES abordáveis direto','Natalia','2026-06-23','2026-06-30','a_fazer',20),
('e58815c6-f26e-5a8a-88a2-7c86c565c2c7','O3','84043611-274c-5fbc-9c5f-cf8bf7fd12a6','Outbound','Rodar A/B de 2 mensagens com 30 decisores','Natalia','2026-06-30','2026-07-18','a_fazer',21),
('2257d805-7439-5678-baf4-02c33a804144','O4','84043611-274c-5fbc-9c5f-cf8bf7fd12a6','Outbound','Gate: contato→reunião vs 2%; escalar ou rebaixar','Natalia','2026-07-18','2026-07-18','a_fazer',22),
('8addcf39-4f06-5018-9bd0-7a87e4c60d2d','N1','ef3be889-0994-57f5-9665-c3e04d1fc4ce','Inbound','Corrigir site p/ indexação + CTA claro de contato','Natalia + dev Fin','2026-06-23','2026-07-04','a_fazer',23),
('822c6ad5-fdbd-5dbb-b767-100f3037b67c','N2','ef3be889-0994-57f5-9665-c3e04d1fc4ce','Inbound','Definir cadência de conteúdo 3x/sem (negócios×IA×comportamento)','Natalia','2026-06-16','2026-06-20','a_fazer',24),
('b1fe034b-29cf-5f71-8815-d656fd3059ea','N3','ef3be889-0994-57f5-9665-c3e04d1fc4ce','Inbound','Publicar e medir conversas inbound iniciadas','Natalia','2026-06-23','2026-08-22','a_fazer',25),
('e3feb389-2d35-57b5-8d33-591722f2f631','N4','ef3be889-0994-57f5-9665-c3e04d1fc4ce','Inbound','Gate (tendência): avaliar no readout final','Natalia','2026-08-22','2026-08-22','a_fazer',26),
('65f3ddff-9e45-5b29-827c-26fc95ea4166','G1',null,'Gates','Gate 1 (meio): revisar 5 canais — matar/iterar/escalar','Natalia + Henrique','2026-07-18','2026-07-18','a_fazer',27),
('6235f712-7055-5131-8c4e-763c0f3fa191','G2',null,'Gates','Escalar canal(is) vencedor(es)','Natalia','2026-07-21','2026-08-21','a_fazer',28),
('963d1167-b22a-5f27-be89-72dbca0d41fa','G3',null,'Gates','Gate 2 (final) + readout p/ conversa de aprofundamento','Natalia + Henrique','2026-08-22','2026-08-22','a_fazer',29);

-- dependências (bloqueada se a dependência não está 'feito')
update tarefas set depende_de='d6c2dfb2-9ccb-500a-ae5f-b616b746009a' where codigo='S5';
update tarefas set depende_de='59e91b14-4406-5a42-8099-01431408273e' where codigo='Y2';
update tarefas set depende_de='b9f3bc3d-9766-5f68-87e1-9619ef1dc55f' where codigo='Y3';
update tarefas set depende_de='1c4253e0-d25f-5bf6-b277-319a36ba304e' where codigo='Y4';
update tarefas set depende_de='3d36306c-2b08-5718-8168-a97f020f54a5' where codigo='Y5';
update tarefas set depende_de='588464c1-8178-5a95-9ad8-b579b7c6c174' where codigo='M2';
update tarefas set depende_de='c587ca33-f2bc-57c2-a08e-fd64edbc074d' where codigo='M3';
update tarefas set depende_de='2f06b549-9e33-5e10-b853-9958d70bedad' where codigo='M4';
update tarefas set depende_de='187899b1-295f-5df9-9b6b-267173656aea' where codigo='I2';
update tarefas set depende_de='659eaa3e-552f-50ad-b46f-ea30c3190673' where codigo='I3';
update tarefas set depende_de='416eb946-d6f5-5de3-8ff7-bc1ed6a7a11a' where codigo='O3';
update tarefas set depende_de='e58815c6-f26e-5a8a-88a2-7c86c565c2c7' where codigo='O4';
update tarefas set depende_de='8addcf39-4f06-5018-9bd0-7a87e4c60d2d' where codigo='N3';
update tarefas set depende_de='b1fe034b-29cf-5f71-8815-d656fd3059ea' where codigo='N4';
update tarefas set depende_de='65f3ddff-9e45-5b29-827c-26fc95ea4166' where codigo='G2';
update tarefas set depende_de='6235f712-7055-5131-8c4e-763c0f3fa191' where codigo='G3';

-- ---------- Modelos de mensagem ({nome}{cafe}{dor}, A/B) ----------
insert into modelos_mensagem (canal_id,estagio,titulo,variante,corpo) values
('84043611-274c-5fbc-9c5f-cf8bf7fd12a6','contatado','Outbound — 1º toque (dor: virou contador)','A','Oi {nome}! Acompanho o {cafe} e queria te perguntar: hoje quem cuida dos boletos e de saber pra onde vai o dinheiro? Pergunto porque a maioria dos donos vira o contador do próprio negócio — {dor}. A Fin assume esse trabalho e te devolve as horas. Topa 10 min?'),
('84043611-274c-5fbc-9c5f-cf8bf7fd12a6','contatado','Outbound — 1º toque (dor: CMV/cobrança)','B','{nome}, uma pergunta rápida sobre o {cafe}: você consegue dizer seu lucro do mês passado sem abrir 5 planilhas? {dor} A gente cuida das contas a pagar e da DRE ao vivo pelo WhatsApp. Posso te mostrar em 10 min?'),
('ee59e5dc-f871-5187-9cb6-f769b03dd9f6','qualificado','Indicação — intro morna','A','Oi {nome}! O(a) {dor} comentou que você toca o {cafe} e que talvez fizesse sentido a gente conversar. A Fin é o time financeiro de contas a pagar pra cafeterias — entrego no WhatsApp. Quando você tem 15 min essa semana?'),
('1948d0dd-cc43-5c6b-bff1-4883dd942d44','reuniao','Yungas — piloto de rede','A','{nome}, como vocês são da base Yungas, montei um piloto rápido pro {cafe}: 15 dias com a Fin cuidando das contas a pagar e DRE ao vivo, sem você adotar sistema novo. {dor} Te mando a proposta?'),
('c52640de-ec41-5c26-97de-4fc81d8f6c1e','contatado','Member-get-member — pedido de indicação','A','{nome}, que bom que a Fin tá ajudando o {cafe}! Você conhece 1–2 donos que vivem a mesma dor ({dor})? Se topar indicar, libero 1 mês de cortesia pra você. Quem vem à cabeça?'),
('ef3be889-0994-57f5-9665-c3e04d1fc4ce','cadastrado','Inbound — resposta a DM de conteúdo','A','Oi {nome}, obrigada por comentar! Esse conteúdo nasceu de um problema real: {dor}. Se quiser, te explico em 10 min como a Fin resolve isso pro {cafe} sem você operar mais um sistema.');

-- ---------- Contas (cafeterias reais — base 📋 Prospecção) ----------
insert into contas (id,nome,endereco,bairro,telefone,instagram,canal_origem_id,temperatura,responsavel,visitada,entrevista_agendada,data_primeiro_contato,proxima_acao,obs,ref_externa) values
('23683fde-8133-468a-8e2e-4ef041a2765f','Merci Bakery & Coffee',null,null,'(48) 98816-6854',null,'84043611-274c-5fbc-9c5f-cf8bf7fd12a6','morno','Nathalia',false,false,'2026-06-13','Follow up, marcar reunião','Empresa familiar (mãe = financeiro)','134'),
('ebf21c1e-74bb-4daa-9d49-36d50df4e286','O Padeiro de Sevilha (Centro)','R. Esteves Júnior, 214 - Centro','Centro','(48) 3025-3402','@opadeirodesevilla','84043611-274c-5fbc-9c5f-cf8bf7fd12a6','frio','Nathalia',false,true,'2026-06-15','Retomar contato em julho','Maurício pareceu cético quanto a proposta. tentar por outra via','5'),
('f49f1df8-f55a-406e-9fab-5ddfba4eab95','Santo Appetito Bistrô & Café','R. Cônego Serpa, 30 - Santo Antônio de Lisboa','Santo Antônio de Lisboa','(21) 99696-0230','@santo.appetito','84043611-274c-5fbc-9c5f-cf8bf7fd12a6','frio','Nathalia',false,false,'2026-06-15','Retornar as 16:30',null,'11'),
('3dbd7647-3244-4c57-88ea-01fbbc4ab928','Somos Aroma Café','R. Dep. Antônio Edu Vieira, 679 - Pantanal','Pantanal','(48) 98415-3482','@somosaromacafe','84043611-274c-5fbc-9c5f-cf8bf7fd12a6','frio','Nathalia',false,false,'2026-06-15',null,null,'45'),
('d578547d-079c-4440-9c46-3fe4a77c4e7f','Nação Verde',null,null,'11 99680-9165',null,'84043611-274c-5fbc-9c5f-cf8bf7fd12a6','morno','Nathalia',false,true,'2026-06-18','Reunião agendada para dia 22/06','~100 unidades. E-mail: financeiro.nacaoverde@gmail.com','148'),
('5da7cb1d-48e0-4cdc-8bb7-ace8ed2ca951','Grupo Trigo',null,null,'21 97972-1555',null,'84043611-274c-5fbc-9c5f-cf8bf7fd12a6','morno','Nathalia',false,true,'2026-06-18','Reunião agendada para dia 23/06','709 unidades. E-mail: eduardo.neto@grupotrigo.com.br','149'),
('af659f07-aac7-4dc6-9124-4720d607b635','Fazendinha Floripa','Rod. José Carlos Daux, 11198 - Santo Antônio de Lisboa','Santo Antônio de Lisboa','(48) 99178-7410',null,'84043611-274c-5fbc-9c5f-cf8bf7fd12a6','frio','Nathalia',false,false,'2026-06-12',null,'Mensagem enviada sexta 14:48. Sem resposta.','1'),
('8db105c4-5117-4176-9d14-a7aa8214ebc1','Bombardelli Pâtisserie','R. Joe Collaço, 112 - Córrego Grande','Córrego Grande','(48) 98485-5682','@bombardellipatisserie','84043611-274c-5fbc-9c5f-cf8bf7fd12a6','frio','Nathalia',false,false,'2026-06-12',null,'Mensagem enviada sexta. Sem resposta. (Bombardelli Comercial - verificar número exato na conversa)','2'),
('375229da-7329-4910-9313-59eb92be8277','Amoriko Brigadeiros Finos','Rod. Baldicero Filomeno, 7227 - Ribeirão da Ilha','Ribeirão da Ilha','(48) 3234-0890','@amoriko.brigaderia','84043611-274c-5fbc-9c5f-cf8bf7fd12a6','frio','Nathalia',false,false,'2026-06-12',null,'Mensagem enviada sexta 14:46. Sem resposta.','6'),
('71c28365-5750-4c7a-b39c-e6ebf718e621','Café Psiquê','R. Menino Deus, 63 - Bl A - Centro (Baía Sul Hospital)','Centro (Baía Sul Hospital)','(48) 99188-4133','@cafe_psique','84043611-274c-5fbc-9c5f-cf8bf7fd12a6','frio','Nathalia',false,false,'2026-06-12',null,'Mensagem enviada sexta 14:48. Sem resposta.','8'),
('013fbba9-6cd7-4b67-8e1c-138744081e19','Gelato Di Panna - Lagoa da Conceição','R. Manoel Severino de Oliveira, 620 - Loja 4 - Lagoa da Conceição','Lagoa da Conceição','(48) 98824-0751','@gelatodipanna','84043611-274c-5fbc-9c5f-cf8bf7fd12a6','frio','Nathalia',false,false,'2026-06-12',null,null,'9'),
('53f0a932-216a-4ee9-a698-2644c9d574c6','Rocambole Café','R. Henrique Vera do Nascimento, 270 - Lagoa da Conceição','Lagoa da Conceição','(48) 3232-0858','@rocambolecafe','84043611-274c-5fbc-9c5f-cf8bf7fd12a6','frio','Nathalia',false,false,'2026-06-12',null,'Auto-reply imediato sexta 14:54. Sem resposta humana.','16'),
('54822477-c8d0-412d-b45f-86c349304dc5','Da Praça - Restaurante e Cafeteria','R. Felipe Schmidt, 14 - Centro (Praça XV)','Centro (Praça XV)','(48) 3380-0657','@dapracafloripa','84043611-274c-5fbc-9c5f-cf8bf7fd12a6','morno','Nathalia',false,false,'2026-06-12','Aguardar autorização do dono (Rodrigo Sottili)','Auto-reply + Rodrigo Sottili é o proprietário. Precisa de autorização dele para prosseguir.','30'),
('2ecad7e4-24e1-4bb4-aced-60e9de09209f','Vícios e Virtudes Café','R. Me. Maria Villac, 1242 - Loja 4 - Canasvieiras','Canasvieiras','(48) 99225-6523','@viciosvirtudescafe','84043611-274c-5fbc-9c5f-cf8bf7fd12a6','frio','Nathalia',false,false,'2026-06-12',null,'Mensagem enviada sexta. Sem resposta.','20'),
('b4abddfa-7506-4bd3-9c55-921e23a3d9c9','Garapuvu Café & Bistrô','Rod. Admar Gonzaga, 600 - Itacorubi (Mercure Florianópolis)','Itacorubi (Mercure Florianópolis)','(48) 3231-1720','@garapuvucafe','84043611-274c-5fbc-9c5f-cf8bf7fd12a6','morno','Nathalia',false,false,'2026-06-12',null,'Mensagem enviada sexta 15:08. Sem resposta.','33'),
('a96e1a3c-a31b-4078-8360-cde65b97f84f','Café Paris Rita Maria','Anitta Hoepcke da Silva, 112, Galpão 6 - Loja 16 - Armazém Rita Maria','Armazém Rita Maria','(48) 99615-2224','@cafeparisritamaria','84043611-274c-5fbc-9c5f-cf8bf7fd12a6','frio','Nathalia',false,false,'2026-06-12',null,null,'31'),
('54ad2447-7915-401d-8349-3874e165fa00','Café Céret - Pâtisserie Francesa','R. Visc. de Ouro Preto, 282 - Centro (Aliança Francesa)','Centro (Aliança Francesa)','(48) 98836-4191','@cafeceret','84043611-274c-5fbc-9c5f-cf8bf7fd12a6','morno','Nathalia',false,false,'2026-06-12','Recontatar após período de acalmar (proprietario sobrecarregado)','Respondeu sexta 16:19. Proprietário faz tudo sozinho (fabrica, atende, financeiro, limpeza). Dor real identificada. Muito ocupado mas potencial.','44'),
('4c7f6484-985e-4588-8afe-4ac24d9cb6c3','Mokka Floripa','Av. Cláudio A. Barbosa, 1917 - Estreito','Estreito','(48) 3204-4701','@mokka.floripa','84043611-274c-5fbc-9c5f-cf8bf7fd12a6','morno','Nathalia',false,false,'2026-06-12','Ligar ou recontatar na semana que vem','Respondeu sexta 18:08: só consegue ajudar na semana que vem. Responsavel: Marcelo, chega após 17:30.','65'),
('cb216cf8-aad0-4159-a8b9-576cd11519cc','Typica Florianopolis','R. Juvêncio Costa, 98 - Trindade','Trindade','(48) 98824-2241','@typica.floripa','84043611-274c-5fbc-9c5f-cf8bf7fd12a6','frio','Nathalia',false,false,'2026-06-12',null,'Mensagem enviada sexta 15:10. Sem resposta.','35'),
('2de85b66-38be-40bd-9847-3752049b826b','Cafeteria Cheirin Bão - Centro','R. Felipe Schmidt, 21 - Loja 2 - Centro','Centro','(48) 99865-2733','@cheirinbao','84043611-274c-5fbc-9c5f-cf8bf7fd12a6','frio','Nathalia',false,false,'2026-06-12',null,null,'36'),
('47e4f339-52ed-4a23-8b78-7ce86d789a48','BeneCafé','Av. Trompowsky, 355 - Centro','Centro','(48) 99665-2233','@benecafeoficial','84043611-274c-5fbc-9c5f-cf8bf7fd12a6','frio','Nathalia',false,false,'2026-06-12','Entrar em contato com a contabilidade','Falaram que tudo fica encargo da contabilidade','37'),
('21ec6f03-e817-43b7-a198-1108d7bf96e0','Café Decor','R. Ver. Osni Ortiga, 949 - Lagoa da Conceição','Lagoa da Conceição','(48) 3207-9907','@cafedecor.floripa','84043611-274c-5fbc-9c5f-cf8bf7fd12a6','frio','Nathalia',false,false,'2026-06-12',null,'Auto-reply sexta 15:16: atendem terça a domingo. Sem resposta humana.','41'),
('c4ebf714-768c-44e7-8016-5e95c0e5340d','Love''s Café','Ed Top Tower - R. Esteves Júnior, 50 - Centro','Centro','(48) 99209-4242','@lovescafe.floripa','84043611-274c-5fbc-9c5f-cf8bf7fd12a6','frio','Nathalia',false,false,'2026-06-12',null,'Auto-reply sexta 15:17. Sem resposta humana.','42'),
('039a2363-3cf9-4551-b95f-66b4e2d40746','Café Cacupé (Coffee Cacupe)','Estrada Haroldo Soares Glavan, 5800 - Cacupé','Cacupé','(48) 99823-0694','@coffeecacupe','84043611-274c-5fbc-9c5f-cf8bf7fd12a6','morno','Nathalia',false,false,'2026-06-12','Recontatar no final do mês (retorna de viagem)','Sábado: em viagem com defasagem de fuso. Retorna ao final do mês. Prefere responder por texto.','75'),
('7509afd7-f1ee-44c6-8817-0bb1d1331252','Nas Ondas Café - Matriz','Av. Campeche, 1512 - Loja 3 - Campeche (Páteo Campeche)','Campeche (Páteo Campeche)','(48) 99983-0666','@nasondascafe','84043611-274c-5fbc-9c5f-cf8bf7fd12a6','frio','Nathalia',false,false,'2026-06-12',null,'Respondeu sexta 15:22: ''Já me ligaram ontem''. Já foi contatado por outro canal.','46'),
('50642df8-c68e-4bb5-9e09-a11eb3b270fe','Favo Floripa','R. Des. Pedro Silva, 3078 - Coqueiros','Coqueiros','(48) 98457-6220','@favofloripa','84043611-274c-5fbc-9c5f-cf8bf7fd12a6','frio','Nathalia',false,false,'2026-06-12',null,'Mensagem enviada sexta 15:20. Sem resposta.','48'),
('032c2198-8001-40a2-8799-ad688c3e52bd','Jardins Cafeteria','Florianópolis - SC','SC','(48) 98804-6628','@jardinscafeteria','84043611-274c-5fbc-9c5f-cf8bf7fd12a6','frio','Nathalia',false,false,'2026-06-12',null,'Mensagem enviada sexta 15:21. Sem resposta.','49'),
('b01d673f-6acd-40b8-b089-15909bbf74e0','Café na Praia Campeche','Av. Pequeno Príncipe, 3328 - Campeche','Campeche','(48) 98880-4711','@cafenapraia.campeche','84043611-274c-5fbc-9c5f-cf8bf7fd12a6','frio','Nathalia',false,false,'2026-06-12',null,'Auto-reply sexta 15:23. Sem resposta humana.','52'),
('8df89546-8bad-41b1-87f9-544635c2d5c4','Meninas de Minas Café, Pão de Queijo e Empório','Av. Pequeno Príncipe, Serv. Arvoredo, 2700 - Loja 3 - Campeche','Campeche','(48) 99130-3081','@meninasdeminascafe','84043611-274c-5fbc-9c5f-cf8bf7fd12a6','frio','Nathalia',false,false,'2026-06-12',null,'Mensagem enviada sexta. Sem resposta. (Obs: pode ser outro contexto, verificar)','53'),
('4ee08b99-8fce-42b1-ac0f-cf5e8fa06d14','Zephyr Café Brasil','Rod. João Gualberto Soares, 56 - Sala 7 - Cacupé','Cacupé','(48) 99203-4828','@zephyrcafebrasil','84043611-274c-5fbc-9c5f-cf8bf7fd12a6','frio','Nathalia',false,false,'2026-06-12',null,'Auto-reply sexta 15:24. Sem resposta humana.','59'),
('d385dc11-0356-4a53-b2b7-02291a4b74b5','Merci Bakery & Coffee','R. Felipe Schmidt, 1066 - Centro','Centro','(48) 98816-6854','@mercifloripa','84043611-274c-5fbc-9c5f-cf8bf7fd12a6','frio','Nathalia',false,false,'2026-06-12',null,'Mensagem enviada sexta. Sem resposta.','63'),
('e37ea7f7-c46e-455a-b1a1-79e031618567','Paradiso Mercato e Caffè','Av. Campeche, 2829 - Campeche','Campeche','(48) 98846-8302','@paradiso.floripa','84043611-274c-5fbc-9c5f-cf8bf7fd12a6','morno','Nathalia',false,false,'2026-06-12','Aguardar retorno da responsável ou recontatar','Respondeu sexta 16:09: vai passar para a responsável. Segunda: ''Boa tarde!''','77'),
('37f4463c-6454-409a-bc33-396bdd339719','Tekapo - Art of Brunch','Av. Campeche, 2565 - Campeche','Campeche','(48) 99800-2035','@tekapo.floripa','84043611-274c-5fbc-9c5f-cf8bf7fd12a6','frio','Nathalia',false,false,'2026-06-12',null,'Mensagem enviada sexta 15:28. Sem resposta.','73'),
('e5ca0778-e3c9-4b2a-8479-e41ac9b91d73','Cafeína Café Bistrô','Av. Campeche, 37 - Campeche Leste','Campeche Leste','(48) 3030-0095','@cafeina.bistro','84043611-274c-5fbc-9c5f-cf8bf7fd12a6','frio','Nathalia',false,false,'2026-06-12',null,null,'74'),
('ec587e6f-68f8-4ac0-8a9a-175526252614','Taipei Coffee House','Estrada Haroldo Soares Glavan, 3010 - Cacupé','Cacupé','(48) 98500-8964','@taipeicoffeehouse','84043611-274c-5fbc-9c5f-cf8bf7fd12a6','morno','Nathalia',false,false,'2026-06-12','Contatar equipe financeira/contabilidade diretamente','Sexta 18:37: WhatsApp corporativo/web, não atende ligações. Segunda: tem equipe financeira e contabilidade.','78'),
('a649cd77-9cd4-40c1-860d-44cca8f65c1a','Casa de Chá Mayra Pauli','Av. Me. Benvenuta, 687 - 2º Andar - Villa Romana','Villa Romana','(48) 99915-4767','@casadechamayrapauli','84043611-274c-5fbc-9c5f-cf8bf7fd12a6','frio','Nathalia',false,false,'2026-06-12',null,'Mensagem enviada sexta 15:33. Sem resposta.','83'),
('ff3d329e-6f39-4e03-8f9e-45f4db2292ae','Ánomada','Servidão dos Artistas, 30 - Rio Tavares','Rio Tavares','(48) 98843-8819','@anomada__','84043611-274c-5fbc-9c5f-cf8bf7fd12a6','frio','Nathalia',false,false,'2026-06-12',null,'Mensagem enviada sexta 15:33. Sem resposta.','84'),
('727d9b0d-af2d-4a5c-aeba-3ec184e51297','Café da Bica','R. Cap. Romualdo de Barros, 641 - Carvoeira','Carvoeira','(48) 99675-5339','@cafedabica','84043611-274c-5fbc-9c5f-cf8bf7fd12a6','frio','Nathalia',false,false,'2026-06-12',null,'Auto-reply sexta 15:34. Sem resposta humana.','85'),
('b5ba6db1-3b8d-44f2-a9fb-1accdf2db31c','Grão & Pronto','R. Vidal Ramos, 120 - Centro','Centro','(48) 99988-0169','@graoeprontocafe','84043611-274c-5fbc-9c5f-cf8bf7fd12a6','frio','Nathalia',false,false,'2026-06-12',null,'Mensagem enviada sexta 15:35. Sem resposta.','87'),
('d4d80e24-7dfb-433f-8c3b-8e5b2fc245b3','Café do Mirante','Rod. João Gualberto Soares, 1.747 - Loja 4 - Barra da Lagoa','Barra da Lagoa','(48) 99162-4507','@cafedomirantefloripa','84043611-274c-5fbc-9c5f-cf8bf7fd12a6','frio','Nathalia',false,false,'2026-06-12',null,'Mensagem enviada sexta 15:36. Sem resposta.','90'),
('d4b047dd-303c-4180-a4b2-c3bc602f0b7a','Bonjour Padaria Artesanal','São José - SC (próx. Florianópolis)','SC (próx. Florianópolis)','(48) 99697-3965','@bonjour_padariaartesanal','84043611-274c-5fbc-9c5f-cf8bf7fd12a6','frio','Nathalia',false,false,'2026-06-12',null,'Auto-reply sexta 15:37. Sem resposta humana.','91'),
('da10172d-667a-4749-926f-f0c4d29ec92f','Biscookies Café','R. Intendente João Nunes Vieira, 1715 - Centro Comercial Alvorada - Ingleses','Ingleses','(48) 99192-1923','@biscookiescafe','84043611-274c-5fbc-9c5f-cf8bf7fd12a6','frio','Nathalia',false,false,'2026-06-12',null,'Mensagem enviada sexta 15:38. Sem resposta.','92'),
('cf5a8e5b-f7ef-45c1-93b7-c41e54e36fb0','Empório Dom Casmurro','Av. Prof. Othon Gama D''Eça, 900 - Loja 02 - Beira Mar','Beira Mar','(48) 99175-4066','@emporiodomcasmurro','84043611-274c-5fbc-9c5f-cf8bf7fd12a6','frio','Nathalia',false,false,'2026-06-12',null,'Mensagem enviada sexta 15:40. Sem resposta.','93'),
('73cc521c-891b-4b4f-a5d8-9ad9ba8fe7eb','Quiero Café','R. Dom Jaime Câmara, 118 - Centro','Centro','(48) 98876-1056','@quiero.cafe','84043611-274c-5fbc-9c5f-cf8bf7fd12a6','frio','Nathalia',false,false,'2026-06-12',null,'Mensagem enviada sexta 15:40. Sem resposta.','94'),
('9e58df08-453d-44f0-9787-aec7ef97b296','Brulée Cafeteria & Doces Gourmet','R. Dr. Agostinho Sielski, 134 - Santa Mônica','Santa Mônica','(48) 98807-8220','@brulee.doceriagourmet','84043611-274c-5fbc-9c5f-cf8bf7fd12a6','frio','Nathalia',false,false,'2026-06-12','Recontatar para agendar entrevista','Respondeu sexta 18:24. Já fez pesquisa com alunos da PUC antes - familiar com o contexto.','32'),
('71cca416-4674-4d47-bee0-94eedfb170a5','Bulegreen Café & Brunch','R. Des. Pedro Silva, 2649 - Coqueiros','Coqueiros','(48) 98836-6095','@bulegreenbr','84043611-274c-5fbc-9c5f-cf8bf7fd12a6','quente','Nathalia',false,false,'2026-06-12','Ligar na segunda-feira para agendar horário','ngela Santos respondeu em 15:06 do sábado: aberta a agendar ligação. Email: floripa@bulegreen.com. Lead quente!','18'),
('6b5faae7-8ca2-404e-b977-21726bf8e5ad','Padaria Café François','Av. ao Corporate Park, 8600 - Saco Grande','Saco Grande','(48) 3226-0004','@padariafrancoisfloripa','84043611-274c-5fbc-9c5f-cf8bf7fd12a6','sem_contato','Nathalia',false,false,null,null,'Número não estava no WhatsApp','3'),
('cdf8bf11-d30f-42ee-a3fa-43c0acd41658','FairyLand Café & Cupcakeria','Estrada Caminho dos Açores, 1740 - Santo Antônio de Lisboa','Santo Antônio de Lisboa','(48) 3209-7462','@fairylandbakery','84043611-274c-5fbc-9c5f-cf8bf7fd12a6','sem_contato','Nathalia',false,false,null,null,null,'4'),
('89e1dddf-38ea-48a7-b948-cfd7bac02303','Tens Tempo Café','Rod. Baldicero Filomeno, 7541 - Freguesia do Ribeirão','Freguesia do Ribeirão','(48) 3337-5711','@tenstempocafe','84043611-274c-5fbc-9c5f-cf8bf7fd12a6','sem_contato','Nathalia',false,false,null,null,'Número não estava no WhatsApp','7'),
('bd42e2c1-fdad-42e9-8fc1-36865f5eba8a','Café Cultura - Lagoa da Conceição','R. Manoel Severino de Oliveira, 635 - Lagoa da Conceição','Lagoa da Conceição','(48) 3771-1861','@cafeculturabrasil','84043611-274c-5fbc-9c5f-cf8bf7fd12a6','sem_contato','Nathalia',false,false,null,null,'Número não estava no WhatsApp','10'),
('e11d2ff3-2885-4578-b63c-977b0db6f5ce','Leeds Café Store','Av. Afonso Delambert Neto, 14 - Lagoa da Conceição','Lagoa da Conceição','(48) 3207-1829','@leedscafestore','84043611-274c-5fbc-9c5f-cf8bf7fd12a6','sem_contato','Nathalia',false,false,null,null,'Número não estava no WhatsApp','12'),
('a42f2c3d-6093-4b50-8d4d-16dad0cde0c7','Delícias da Freguesia','Rod. Baldicero Filomeno - Ribeirão da Ilha','Ribeirão da Ilha',null,'@deliciasdafreguesia','84043611-274c-5fbc-9c5f-cf8bf7fd12a6','sem_contato','Nathalia',false,false,null,null,null,'13'),
('0bb9d5fc-cb12-45f8-b3b2-63d7e1dae0a5','O Padeiro de Sevilha (Beiramar)','R. Des. Pedro Silva - Agronômica','Agronômica','(48) 3025-3402','@opadeirodesevilla','84043611-274c-5fbc-9c5f-cf8bf7fd12a6','sem_contato','Nathalia',false,false,null,null,'Número não estava no WhatsApp','14'),
('63d0d190-b210-409d-b235-08bcd09236de','Hang Out Coffee SPOT','R. Clodorico Moreira, 43 - Santa Mônica','Santa Mônica','(48) 3054-0640','@hangoutcoffeespot','84043611-274c-5fbc-9c5f-cf8bf7fd12a6','sem_contato','Nathalia',false,false,null,null,'Número não estava no WhatsApp','15'),
('db8ed62f-db75-4b08-81a5-3f03f04f0006','Floripão (Porto / Rio Tavares)','Rod. Dr. Antônio Luiz Moura Gonzaga, 96 - Porto da Lagoa','Porto da Lagoa','(48) 3232-2425','@floripao.porto','84043611-274c-5fbc-9c5f-cf8bf7fd12a6','sem_contato','Nathalia',false,false,null,null,'Número não estava no WhatsApp','17'),
('9bb6fa58-f077-40db-9fec-9d949173e0f4','Bridge Coffee Estreito','R. Secundino Peixoto, 119 - Estreito','Estreito',null,'@bridgecoffee.floripa','84043611-274c-5fbc-9c5f-cf8bf7fd12a6','sem_contato','Nathalia',false,false,null,null,null,'19'),
('db018c08-a19e-4c94-899d-9edbc2d22431','Café Paçaí','Rod. Jornalista Manoel de Menezes, 2646 - Barra da Lagoa','Barra da Lagoa','(48) 3338-3841','@cafepacai','84043611-274c-5fbc-9c5f-cf8bf7fd12a6','sem_contato','Nathalia',false,false,null,null,'Número não estava no WhatsApp','21'),
('34829cd0-f348-4873-814c-3b0dda5e9f60','Family Coffee','Av. Me. Benvenuta, 1157 - Santa Mônica','Santa Mônica','(48) 3024-8413','@familycoffeebr','84043611-274c-5fbc-9c5f-cf8bf7fd12a6','sem_contato','Nathalia',false,false,null,null,'Número não estava no WhatsApp','22'),
('ddeb9ebf-ddec-46d8-92b3-9805f03c80ed','ARBOR Café','Florianópolis - SC','SC',null,'@arbor.cafe','84043611-274c-5fbc-9c5f-cf8bf7fd12a6','sem_contato','Nathalia',false,false,null,null,null,'23'),
('155bbb7b-b1fd-4a89-974b-0c55ef1f33f6','Cine Café - Crepe Burguer Steak','Florianópolis - SC','SC',null,'@cinecafefloripa','84043611-274c-5fbc-9c5f-cf8bf7fd12a6','sem_contato','Nathalia',false,false,null,null,null,'24'),
('cfd3a003-0401-40eb-8ffe-2db200f6f07c','Uma Origem Coffee','Av. Mauro Ramos, 1512 - Centro','Centro','(48) 99143-0611','@umaorigemcoffee','84043611-274c-5fbc-9c5f-cf8bf7fd12a6','sem_contato','Nathalia',false,false,null,null,'Número não estava no WhatsApp','25'),
('f55b6373-8d6a-4f00-906d-4a7c7b5ce383','Família Lorenzi Pães Artesanais','Florianópolis - SC','SC',null,'@familialorenzipao','84043611-274c-5fbc-9c5f-cf8bf7fd12a6','sem_contato','Nathalia',false,false,null,null,null,'26'),
('4dfa97e9-b425-41e3-9e08-bac1c199789b','Empório Mineiro','R. Henrique Veras do Nascimento, 240 - Loja 102 - Lagoa da Conceição','Lagoa da Conceição','(48) 3232-0931','@emporio_mineiro_bar','84043611-274c-5fbc-9c5f-cf8bf7fd12a6','sem_contato','Nathalia',false,false,null,null,'Número não estava no WhatsApp','27'),
('6199e1d8-2f51-4df1-94b5-094a051f1cbd','Lucila Bistrô','Alameda César Nascimento, 322 - Jurerê','Jurerê','(48) 3204-4603','@lucilabistro','84043611-274c-5fbc-9c5f-cf8bf7fd12a6','sem_contato','Nathalia',false,false,null,null,'Número não estava no WhatsApp','28'),
('4fa9f76a-889d-45f5-a8a8-1e500d07173a','Padaria Do Alemão (Alemão Café & Pães)','R. Conselheiro Mafra, 707 - Centro','Centro','(48) 3225-5991','@alemaocafeepaes','84043611-274c-5fbc-9c5f-cf8bf7fd12a6','sem_contato','Nathalia',false,false,null,null,'Número não estava no WhatsApp','29'),
('59bbcaee-d26c-4c13-9174-560f79158a62','Metrô Cafés Especiais','Av. Pref. Osmar Cunha, 251 - Loja 2 - Centro','Centro','(19) 99304-6687','@metrocafes','84043611-274c-5fbc-9c5f-cf8bf7fd12a6','sem_contato','Nathalia',false,false,null,null,'Número não estava no WhatsApp','34'),
('57bf35a2-d85e-4df1-a8e1-844d84b61824','Café Cultura - Beiramar Shopping','R. Bocaiúva, 2468 - Centro (Beiramar Shopping)','Centro (Beiramar Shopping)','(48) 99142-9331','@cafeculturabrasil','84043611-274c-5fbc-9c5f-cf8bf7fd12a6','sem_contato','Nathalia',false,false,null,null,'Número não estava no WhatsApp','38'),
('63a75afe-0ddc-4141-9c82-74de50543f82','The Seville Baker','R. Esteves Júnior, 214 - Centro','Centro','(48) 3025-3402','@thesevillebaker','84043611-274c-5fbc-9c5f-cf8bf7fd12a6','sem_contato','Nathalia',false,false,null,null,'Número não estava no WhatsApp','39'),
('c25689b9-b3cb-44fb-851a-d68d3da65f30','Streetme Coffee','Calçadão João Pinto, 17 - Loja 01 - Centro','Centro',null,'@streetme.floripa','84043611-274c-5fbc-9c5f-cf8bf7fd12a6','sem_contato','Nathalia',false,false,null,null,null,'40'),
('3cc02b2d-bec1-41fb-8ab6-ccc2910af235','Café Escondido - Casa Múltiplas','Av. Pref. Osmar Cunha, 339 - 1º andar - Centro','Centro',null,'@cafeescondido','84043611-274c-5fbc-9c5f-cf8bf7fd12a6','sem_contato','Nathalia',false,false,null,null,null,'43'),
('3397de0c-3761-4afe-a0c3-49ec4756b7f4','Café Sunrise, Restaurante & Wine Bar','R. Henrique Vera do Nascimento, 240 - Sala 101/102 - Lagoa da Conceição','Lagoa da Conceição','(48) 3748-0597','@cafesunrise.lagoa','84043611-274c-5fbc-9c5f-cf8bf7fd12a6','sem_contato','Nathalia',false,false,null,null,'Número não estava no WhatsApp','47'),
('c025e338-f439-47c6-974f-f2ae738cbede','Messkla Cafeteria','Av. Afonso Delambert Neto, 885 - Lagoa da Conceição','Lagoa da Conceição',null,'@messkla','84043611-274c-5fbc-9c5f-cf8bf7fd12a6','sem_contato','Nathalia',false,false,null,null,null,'50'),
('989bf436-db4f-4880-946e-6d8682d90c02','Café Paris Centro','Av. Osmar Cunha, 106 - Galeria Irmãos Daux - Centro','Centro','(48) 3039-0670','@cafepariscentro','84043611-274c-5fbc-9c5f-cf8bf7fd12a6','sem_contato','Nathalia',false,false,null,null,'Número não estava no WhatsApp','51'),
('d7b383cd-6a3d-4e9d-bf66-a2d75ea53492','Coffeeshop Floripa','R. Manoel Severino de Oliveira, 592 - Lagoa da Conceição','Lagoa da Conceição',null,'@coffeeshopfloripa','84043611-274c-5fbc-9c5f-cf8bf7fd12a6','sem_contato','Nathalia',false,false,null,null,null,'54'),
('8255d9b0-2af5-4024-a964-f56d6612f3fe','CORA MELO Café','R. Santa Luzia, 100 - Loja 01 - Trindade','Trindade',null,'@coramelocafe','84043611-274c-5fbc-9c5f-cf8bf7fd12a6','sem_contato','Nathalia',false,false,null,null,null,'55'),
('fff98d91-dc5a-42ad-9784-9ac997211de5','Café e Poesia Canasvieiras','R. Hypólito Gregório Pereira, 161 - Canasvieiras','Canasvieiras',null,'@cafeepoesia','84043611-274c-5fbc-9c5f-cf8bf7fd12a6','sem_contato','Nathalia',false,false,null,null,null,'56'),
('72630d35-ceba-4ba1-aea1-f61f306081b3','Café Monet - Canasvieiras','Av. das Nações, 265 - Canasvieiras','Canasvieiras',null,'@cafemonet.canasvieiras','84043611-274c-5fbc-9c5f-cf8bf7fd12a6','sem_contato','Nathalia',false,false,null,null,null,'57'),
('3a89124e-7a48-4bf6-980d-243de46ae654','Floripa Bistrô Cafeteria','R. Dr. Antonio Prudente de Morais, 538 - Loja 6 - Canasvieiras','Canasvieiras',null,'@floripabistro','84043611-274c-5fbc-9c5f-cf8bf7fd12a6','sem_contato','Nathalia',false,false,null,null,null,'58'),
('c759156f-e4c8-4053-b03e-59c833353c95','Ilha Café','Rod. Armando Calil Bulos, 3150 - Pântano do Sul','Pântano do Sul',null,'@ilhacafe.floripa','84043611-274c-5fbc-9c5f-cf8bf7fd12a6','sem_contato','Nathalia',false,false,null,null,null,'60'),
('ebe9c8a0-63eb-4cb3-8f02-88d3055519d6','Casa Calma Café, Pizza & Bar','Rod. Baldicero Filomeno, 5615 - Ribeirão da Ilha','Ribeirão da Ilha',null,'@casacalma.floripa','84043611-274c-5fbc-9c5f-cf8bf7fd12a6','sem_contato','Nathalia',false,false,null,null,null,'61'),
('7e8cbe07-6474-4124-989d-816f387f1722','Akitutes Café e Confeitaria','Florianópolis - SC','SC',null,'@akitutes_confeitaria','84043611-274c-5fbc-9c5f-cf8bf7fd12a6','sem_contato','Nathalia',false,false,null,null,null,'62'),
('eb3237cd-2797-4d88-ad69-7ba117394104','Delícias do Campo','Rod. SC-401, 4230 - Saco Grande','Saco Grande','(48) 3206-3223','@deliciasdocampofloripa','84043611-274c-5fbc-9c5f-cf8bf7fd12a6','sem_contato','Nathalia',false,false,null,null,'Número não estava no WhatsApp','64'),
('f74f8b08-1714-4b48-b907-bf26c6a35f19','Boutique Café François','Florianópolis - SC','SC',null,'@boutiquefrancois','84043611-274c-5fbc-9c5f-cf8bf7fd12a6','sem_contato','Nathalia',false,false,null,null,null,'66'),
('f7af4fc3-42f7-4f95-a786-b380b11fdcee','Starbucks Florianópolis','Shopping Beira Mar / Iguatemi, Florianópolis - SC','SC',null,'@starbucks_br','84043611-274c-5fbc-9c5f-cf8bf7fd12a6','sem_contato','Nathalia',false,false,null,null,null,'67'),
('3e12c58e-2b92-46f9-863d-390ba6880880','Porto 1922 Cafeteria & Bistrô','Av. Cláudio A. Barbosa, 3761 - Estreito','Estreito',null,'@porto1922.floripa','84043611-274c-5fbc-9c5f-cf8bf7fd12a6','sem_contato','Nathalia',false,false,null,null,null,'68'),
('458cff81-bf78-4aa4-9b9f-59ea938bab23','Confraria do Grão','R. Felipe Schmidt, 636 - Sala 12 - Centro','Centro','(48) 3207-8200','@confrariadograo','84043611-274c-5fbc-9c5f-cf8bf7fd12a6','sem_contato','Nathalia',false,false,null,null,'Número não estava no WhatsApp','69'),
('a5d784b3-7cf8-429e-8b1c-ae49716c4e8c','Padaria e Confeitaria Estrela','Norte da Ilha, Florianópolis - SC','SC',null,'@padariaestrela.floripa','84043611-274c-5fbc-9c5f-cf8bf7fd12a6','sem_contato','Nathalia',false,false,null,null,null,'70'),
('3c754903-14df-429a-9695-6cbf3a1b0319','Café da Lagoa','Lagoa da Conceição, Florianópolis - SC','SC',null,'@cafedaLagoa','84043611-274c-5fbc-9c5f-cf8bf7fd12a6','sem_contato','Nathalia',false,false,null,null,null,'71'),
('6261965a-4cd0-41f7-b2bd-5056023558d4','Krone Café & Padaria','Rod. Baldicero Filomeno, 6321 - Ribeirão da Ilha','Ribeirão da Ilha','(48) 3238-8739','@kronecafe.floripa','84043611-274c-5fbc-9c5f-cf8bf7fd12a6','sem_contato','Nathalia',false,false,null,null,'Número não estava no WhatsApp','72'),
('ec6911b6-7577-498b-b381-cbf37175dfbd','Chez Cris Café Bistrô','R. Presidente Coutinho, 652 - Centro','Centro','(48) 3371-6830','@chezcriscafebistro','84043611-274c-5fbc-9c5f-cf8bf7fd12a6','sem_contato','Nathalia',false,false,null,null,'Número não estava no WhatsApp','76'),
('78ece64f-5cbc-4b15-a1d4-2fbca43af767','Amore Bistrot','SC-401, 5025 - Saco Grande','Saco Grande','(48) 3304-8307','@amorebistrot.floripa','84043611-274c-5fbc-9c5f-cf8bf7fd12a6','sem_contato','Nathalia',false,false,null,null,'Número não estava no WhatsApp','79'),
('0160a16b-0d24-44f6-b50e-f2f2f2f4c8ad','Eatsy','Florianópolis - SC','SC',null,'@eatsy.floripa','84043611-274c-5fbc-9c5f-cf8bf7fd12a6','sem_contato','Nathalia',false,false,null,null,null,'80'),
('c4055aa1-7d2e-42ec-a052-63cd850a6be2','Bolo da Madre Florianópolis','R. Des. Arno Hoeschl, 81 - Loja 2 - Centro','Centro','(48) 99182-5070','@bolodamadrefloripa','84043611-274c-5fbc-9c5f-cf8bf7fd12a6','sem_contato','Nathalia',false,false,null,null,'Número não estava no WhatsApp','81'),
('dad1982d-fadb-47fa-8443-a99e7174e0df','Beja Café','Florianópolis - SC','SC',null,'@bejacafe.floripa','84043611-274c-5fbc-9c5f-cf8bf7fd12a6','sem_contato','Nathalia',false,false,null,null,null,'82'),
('ff4e73bc-fb41-460b-9ecd-d7b7bfd81975','Deli Shop','Centro, Florianópolis - SC','SC',null,'@delishopfloripa','84043611-274c-5fbc-9c5f-cf8bf7fd12a6','sem_contato','Nathalia',false,false,null,null,null,'86'),
('434fedb4-84f3-4905-922a-f9f91f219b8f','Lighthouse Cafés Especiais','R. São Jorge, 160 - Centro','Centro','(48) 3054-2113','@lighthousecafes','84043611-274c-5fbc-9c5f-cf8bf7fd12a6','sem_contato','Nathalia',false,false,null,null,'Número não estava no WhatsApp','88'),
('c043a887-c9e7-44e3-88a6-b557ac5fa9af','Sereno Café','R. Esteves Júnior, 734 - Box 01 - Centro','Centro',null,'@serenocafe.floripa','84043611-274c-5fbc-9c5f-cf8bf7fd12a6','sem_contato','Nathalia',false,false,null,null,null,'89'),
('f2719077-7d4a-41ab-9d8a-1a59ec521c67','Aurora Café e Bistrô','R. Leonel Pereira, 78 - Sala 09 - Cachoeira do Bom Jesus','Cachoeira do Bom Jesus',null,'@auroracafe.floripa','84043611-274c-5fbc-9c5f-cf8bf7fd12a6','sem_contato','Nathalia',false,false,null,null,null,'95'),
('891bdbec-cf43-4299-8cd3-73f1e0ae3bb6','Café du Centre','Tv. Stodieck, 34 - Centro','Centro','(48) 3364-1030','@cafeducentre.floripa','84043611-274c-5fbc-9c5f-cf8bf7fd12a6','sem_contato','Nathalia',false,false,null,null,'Número não estava no WhatsApp','96'),
('5c5f3251-17e6-4750-9bc5-1971d5f108f2','Franchis Padaria Argentina','Av. César Seara, 174 - Saco dos Limões','Saco dos Limões',null,'@franchispadaria','84043611-274c-5fbc-9c5f-cf8bf7fd12a6','sem_contato','Nathalia',false,false,null,null,null,'97'),
('212792ff-47f4-4b9a-95dd-348ace3169cb','440 Bebida Café','Av. Central, 184 - Centro, Balneário Camboriú - SC','SC','(47) 3363-9747',null,'84043611-274c-5fbc-9c5f-cf8bf7fd12a6','sem_contato','Nathalia',false,false,null,null,null,'101'),
('42e7a3c2-59eb-4e40-9862-e1bb19be04cd','D''Mell Café','Av. Brasil, 577 - Sala 01, Balneário Camboriú - SC','SC','(47) 3344-5819','@dmellcafebc','84043611-274c-5fbc-9c5f-cf8bf7fd12a6','sem_contato','Nathalia',false,false,null,null,null,'102'),
('af5138f2-860a-4b7a-b634-1d8c6648e634','Boutique do Pão de Ló BC','Rua 916, 369 - Centro, Balneário Camboriú - SC','SC','(47) 99186-7796','@boutiquedopaodelo','84043611-274c-5fbc-9c5f-cf8bf7fd12a6','sem_contato','Nathalia',false,false,null,null,null,'103'),
('729b2347-cb78-45b8-a93d-8051d26aaa06','Black Box Coffee','Av. Carlos Drummond de Andrade, 631 - Praia dos Amores, Balneário Camboriú - SC','SC','(47) 99258-1850',null,'84043611-274c-5fbc-9c5f-cf8bf7fd12a6','sem_contato','Nathalia',false,false,null,null,null,'104'),
('3b7746d1-1371-4052-b363-b53330056556','Lisboa Café','Rua 1542, 860 - 3ª Avenida, Centro, Balneário Camboriú - SC','SC',null,'@lisboacafe3av','84043611-274c-5fbc-9c5f-cf8bf7fd12a6','sem_contato','Nathalia',false,false,null,null,null,'105'),
('a8bdede5-f5d5-43f2-9c86-84aa4c3d647a','Italiana Garden Café','R. Olímpio Miranda Júnior, 165 - Centro, Itajaí - SC','SC','(47) 3011-9206','@italianagardencafe','84043611-274c-5fbc-9c5f-cf8bf7fd12a6','sem_contato','Nathalia',false,false,null,null,null,'106'),
('8fda7b5b-1a57-4e8f-92b6-9821669aebae','Lumière Café','R. Delfim de Pádua, 1128 - Praia Brava, Itajaí - SC','SC',null,'@lumierecaffe','84043611-274c-5fbc-9c5f-cf8bf7fd12a6','sem_contato','Nathalia',false,false,null,null,null,'107'),
('56f294f4-f306-4b5c-9764-e3531cb98e9f','Cafeeira Garibaldi','Av. Osvaldo Reis, 2935 - Praia Brava, Itajaí - SC','SC','(47) 3349-5569','@garibaldicafeeira','84043611-274c-5fbc-9c5f-cf8bf7fd12a6','sem_contato','Nathalia',false,false,null,null,null,'108'),
('a3e12356-674b-4837-8d26-06bfea5367c6','Boutique do Pão de Ló Itajaí','Rua Lauro Müller, 487 - Centro, Itajaí - SC','SC','(47) 99186-7796','@boutiquedopaodelo','84043611-274c-5fbc-9c5f-cf8bf7fd12a6','sem_contato','Nathalia',false,false,null,null,null,'109'),
('da0bde6a-dacc-4bba-8d99-589796896b55','Teor Bistrô & Café','Rua 254, 117 - Meia Praia, Itapema - SC','SC','(47) 99711-6165','@teorbistroecafe','84043611-274c-5fbc-9c5f-cf8bf7fd12a6','sem_contato','Nathalia',false,false,null,null,null,'110'),
('0bf7914a-aecc-4577-a0d3-06c66039a586','Café Boutique','Av. Nereu Ramos, 3605 - Centro, Itapema - SC','SC','(47) 99249-7336','@cafeboutique.itapema','84043611-274c-5fbc-9c5f-cf8bf7fd12a6','sem_contato','Nathalia',false,false,null,null,null,'111'),
('1ce78bfb-37fa-4f22-b6e5-4a1b5d01724f','Boutique do Pão de Ló Itapema','Rua 296, 20 - Sala 13, Meia Praia, Itapema - SC','SC','(47) 99186-7796','@boutiquedopaodelo','84043611-274c-5fbc-9c5f-cf8bf7fd12a6','sem_contato','Nathalia',false,false,null,null,null,'112'),
('cfea60de-0147-4f19-9fc3-dbdf4f35b052','Secretto Café','R. Aquidaban, 786 - América, Joinville - SC','SC','(47) 98869-4666','@secrettocafe','84043611-274c-5fbc-9c5f-cf8bf7fd12a6','sem_contato','Nathalia',false,false,null,null,null,'113'),
('9dcae32f-8892-4eda-9599-4fe31d9aec71','AP! Café Retrô','R. Min. Calógeras, 840 - Centro, Joinville - SC','SC','(47) 3028-3810','@apcaferetro','84043611-274c-5fbc-9c5f-cf8bf7fd12a6','sem_contato','Nathalia',false,false,null,null,null,'114'),
('538effcb-49c2-47db-ac4a-555c6ee2a3ea','Dona Francisca Delicatesse','R. Alexandre Döhler, 190 - Centro, Joinville - SC','SC','(47) 98807-7887','@donafranciscacafe','84043611-274c-5fbc-9c5f-cf8bf7fd12a6','sem_contato','Nathalia',false,false,null,null,null,'115'),
('5f4cd38d-a716-478f-a182-b274d4571894','Funberry Lounge Café','R. Jaguaruna, 315 - Centro, Joinville - SC','SC','(47) 99102-0315','@funberrycafejoinville','84043611-274c-5fbc-9c5f-cf8bf7fd12a6','sem_contato','Nathalia',false,false,null,null,null,'116'),
('b493df5c-67f0-492f-8344-8792e5682727','Cafeteria Rigno','R. Siqueira Campos, 1720 - Candeias, Vitória da Conquista - BA','BA','(77) 98145-5213','@cafeteriarigno','84043611-274c-5fbc-9c5f-cf8bf7fd12a6','sem_contato','Nathalia',false,false,null,null,null,'117'),
('42ace148-e10e-45a9-8f29-b28587fd444c','Morioka Café','Av. Jorge Teixeira, 602B - Candeias, Vitória da Conquista - BA','BA',null,'@moriokacafe','84043611-274c-5fbc-9c5f-cf8bf7fd12a6','sem_contato','Nathalia',false,false,null,null,null,'118'),
('ec044950-ca8b-4032-8381-64aa26715b9a','Jardins Café','Av. Olívia Flores, 704 - Candeias, Vitória da Conquista - BA','BA','(77) 98141-8652','@jardinscafevca','84043611-274c-5fbc-9c5f-cf8bf7fd12a6','sem_contato','Nathalia',false,false,null,null,null,'119'),
('1ddd1b3e-fedc-4217-9925-e6badbef7472','Confeitaria Amorim','Av. Perimetral (Praça São Bento), Vitória da Conquista - BA','BA',null,'@confeitaria_amorim','84043611-274c-5fbc-9c5f-cf8bf7fd12a6','sem_contato','Nathalia',false,false,null,null,null,'120'),
('60b275eb-b55b-4e29-ac7c-16bfe7b1d589','Caracol Chocolates & Café','Av. Brasil, 8 - Candeias, Vitória da Conquista - BA','BA',null,'@caracol.vitoriadaconquista','84043611-274c-5fbc-9c5f-cf8bf7fd12a6','sem_contato','Nathalia',false,false,null,null,null,'121'),
('d7f3104a-faa7-4289-a07c-d5a73b6aea37','Canto do Galo Café','R. Belarmino Maia, 63 - Vitória da Conquista - BA','BA','(77) 98822-3994','@cantodogalocafe','84043611-274c-5fbc-9c5f-cf8bf7fd12a6','sem_contato','Nathalia',false,false,null,null,null,'122'),
('636cd59c-7ea7-4729-b5c8-062349bc1957','Cafélier','R. do Carmo, 50 - Santo Antônio, Salvador - BA','BA','(71) 99914-1270','@cafeliercarmo','84043611-274c-5fbc-9c5f-cf8bf7fd12a6','sem_contato','Nathalia',false,false,null,null,null,'123'),
('df8a3a64-cae9-4d37-ab65-bbce817d1ca0','Seven Wonders Café','Av. Oceânica, 859 - Barra, Salvador - BA','BA','(71) 99663-4278','@sevenwonderscafe','84043611-274c-5fbc-9c5f-cf8bf7fd12a6','sem_contato','Nathalia',false,false,null,null,null,'124'),
('c5977f50-2663-45b6-b43a-5418bc7c741a','Solange Café','R. da Paz, 18 - Graça, Salvador - BA','BA','(71) 3565-5211','@solangecafe_','84043611-274c-5fbc-9c5f-cf8bf7fd12a6','sem_contato','Nathalia',false,false,null,null,null,'125'),
('a76c239c-d2ef-4b6c-b2d1-d38a6acec71f','Café & Câmera','R. do Carmo, 1 - Santo Antônio Além do Carmo, Salvador - BA','BA',null,'@cafeecamera','84043611-274c-5fbc-9c5f-cf8bf7fd12a6','sem_contato','Nathalia',false,false,null,null,null,'126'),
('8f3834fd-008a-443a-81bb-bf3a9df15549','D''Gregorio','Av. Antônio Carlos Magalhães, 1298, loja 03A - Itaigara (Shopping Cidade), Salvador - BA','BA','(71) 98225-0990','@dgregoriosalvador','84043611-274c-5fbc-9c5f-cf8bf7fd12a6','sem_contato','Nathalia',false,false,null,null,null,'127'),
('73ec6736-2339-4a07-8bd5-3148c24b1ca1','Café Padoca do Carmo','R. do Carmo, 13 - Santo Antônio Além do Carmo, Salvador - BA','BA','(71) 99179-8196','@padocadocarmo','84043611-274c-5fbc-9c5f-cf8bf7fd12a6','sem_contato','Nathalia',false,false,null,null,null,'128'),
('fd38db58-4df6-455c-8dbf-7d0c22facd4c','London Coffee Station',null,null,'(11) 930991094',null,'84043611-274c-5fbc-9c5f-cf8bf7fd12a6','sem_contato','Nathalia',false,false,null,null,null,'129'),
('d18b0e4c-3e49-44a8-b073-0a256128c3d9','Quintal 59',null,null,'(11) 988377272',null,'84043611-274c-5fbc-9c5f-cf8bf7fd12a6','frio','Nathalia',false,false,null,null,null,'130'),
('7eee4973-9f34-4134-9d6d-e549f8655d49','Coffee Lab',null,null,'(11) 991488052',null,'84043611-274c-5fbc-9c5f-cf8bf7fd12a6','frio','Nathalia',false,false,null,null,null,'131'),
('05552cd0-8a0f-4084-b7ce-6cffc37a7aba','Art Café 2.0 Bistrô',null,null,'(34) 99812-1055',null,'84043611-274c-5fbc-9c5f-cf8bf7fd12a6','frio','Nathalia',false,false,null,null,null,'132'),
('1932b95e-9118-471f-ae32-3932ea4660bb','Cafeteria Vila Rica',null,null,'(47) 992840344',null,'84043611-274c-5fbc-9c5f-cf8bf7fd12a6','frio','Nathalia',false,false,null,null,null,'133'),
('0a0e198a-5a99-4313-9621-060fb25eeef7','Mathy Café Balneário camburiú',null,null,'(47) 991742024',null,'84043611-274c-5fbc-9c5f-cf8bf7fd12a6','frio','Nathalia',false,false,null,null,null,'135'),
('2b0ee2d4-fa20-4e0c-8089-365927e61f7a','Itapanni',null,null,'(47) 33684411',null,'84043611-274c-5fbc-9c5f-cf8bf7fd12a6','frio','Nathalia',false,false,null,null,null,'136'),
('0e81fb1a-1e74-484f-ab38-4cc4d1c72212','440 Bebida Café',null,null,'(47) 997540379',null,'84043611-274c-5fbc-9c5f-cf8bf7fd12a6','frio','Nathalia',false,false,null,null,null,'137'),
('d285ebc5-3b9f-4787-a967-19becaf03a2e','Boutique do pão de ló- bc',null,null,'(47) 99186-7796',null,'84043611-274c-5fbc-9c5f-cf8bf7fd12a6','frio','Nathalia',false,false,null,null,null,'138'),
('682e5982-10a4-47e2-9ac7-cca34e87658f','CAFFEA','Caxias do Sul - RS','RS','(54) 99900-2944','@caffea.co','84043611-274c-5fbc-9c5f-cf8bf7fd12a6','sem_contato','Nathalia',false,false,null,null,'Rede com 2 unidades; Indicado por: Patrick','139'),
('7a322d7c-cf79-4791-93bc-7e6a15c28690','NKMB Coffee','Florianópolis - SC','SC','(48) 99632-9808','@nkmbcoffeeco','84043611-274c-5fbc-9c5f-cf8bf7fd12a6','sem_contato','Nathalia',false,false,null,null,'Rede com 2 unidades; Email: nakombicafeteria; Indicado por: Patrick','140'),
('92bef19c-5914-4e5f-bae9-7ebea05025a1','Go Coffee','Caxias do Sul - RS (provável)','RS (provável)','(54) 98423-7101',null,'84043611-274c-5fbc-9c5f-cf8bf7fd12a6','sem_contato','Nathalia',false,false,null,null,'Indicado por: Patrick','141'),
('cf67e0f2-01e9-4e47-b843-165434c1fc62','Go Coffee','Caxias do Sul - RS (provável)','RS (provável)','(54) 99444-3563',null,'84043611-274c-5fbc-9c5f-cf8bf7fd12a6','sem_contato','Nathalia',false,false,null,null,'Indicado por: Patrick','142'),
('5307504a-88fc-49f3-8657-bd18132e18f8','Café Paris','Grande Florianópolis - SC','SC','(48) 98802-0878 / (48) 99919-028','@cafepariskobra','84043611-274c-5fbc-9c5f-cf8bf7fd12a6','sem_contato','Nathalia',false,false,null,null,'Rede com 9 unidades; Indicado por: Danieli','143'),
('50286682-140f-41be-aa8f-8aef0ac5b30d','Quiero Café','Palhoça - SC','SC','48 9991-9028',null,'84043611-274c-5fbc-9c5f-cf8bf7fd12a6','sem_contato','Nathalia',false,false,null,null,'1 unidade em Palhoça. Indicado por: Danieli','144'),
('e0c83f85-b2dc-4d92-9d62-520438b84bdb','(A identificar)','Florianópolis - SC (provável)','SC (provável)','(48) 99144-4511',null,'84043611-274c-5fbc-9c5f-cf8bf7fd12a6','sem_contato','Nathalia',false,false,null,null,'Indicado por: Danieli','145'),
('569d812c-11ee-45ff-a669-acdf0b4c857a','Havanna','Florianópolis - SC (provável)','SC (provável)','(48) 99204-8806',null,'84043611-274c-5fbc-9c5f-cf8bf7fd12a6','sem_contato','Nathalia',false,false,null,null,null,'146'),
('87a24a5a-1fce-4de3-81e1-a01c4b925354','Soul','Maringá - PR (provável)','PR (provável)','(44) 99928-0902',null,'84043611-274c-5fbc-9c5f-cf8bf7fd12a6','sem_contato','Nathalia',false,false,null,null,null,'147'),
('d9cd1069-888d-44a5-bc9e-89fb2c974eb0','Café Cultura - Beiramar Shopping','R. Bocaiúva, 2468 – Piso L1, Centro – Florianópolis',null,'(48) 3222-7773','@cafecultural','84043611-274c-5fbc-9c5f-cf8bf7fd12a6','sem_contato',null,false,false,null,null,null,'148'),
('49883c0b-37bb-4a1e-b13a-6bd9eed8204f','Café Cultura - Shopping Iguatemi','Rod. SC-401, 6600 – Piso Térreo – Florianópolis',null,'(48) 3239-6139','@cafecultural','84043611-274c-5fbc-9c5f-cf8bf7fd12a6','sem_contato',null,false,false,null,null,null,'149'),
('a3108b2a-8149-48ac-b13b-f107e873d3a5','Café Cultura - Shopping Itaguaçu','Rod. SC-401, 3900 – Piso Térreo – São José',null,'(48) 3346-4242','@cafecultural','84043611-274c-5fbc-9c5f-cf8bf7fd12a6','sem_contato',null,false,false,null,null,null,'150'),
('f79b059a-c3cf-4c4b-847a-2abec76a2642','Café Cultura - North Shopping Floripa','Rod. SC-401, 1 – L1, Cacupé – Florianópolis',null,'(48) 3365-6060','@cafecultural','84043611-274c-5fbc-9c5f-cf8bf7fd12a6','sem_contato',null,false,false,null,null,null,'151'),
('805831f7-6f52-46bd-9606-92905fb7e012','Café Cultura - Continente Park Shopping','R. Heitor Blum, 360 – São José',null,'(48) 3346-5252','@cafecultural','84043611-274c-5fbc-9c5f-cf8bf7fd12a6','sem_contato',null,false,false,null,null,null,'152'),
('b55353f5-f052-4f72-9f09-dc452ce1ea76','Café Cultura - Floripa Shopping','Rod. SC-405, 3820 – Campeche – Florianópolis',null,'(48) 3239-5858','@cafecultural','84043611-274c-5fbc-9c5f-cf8bf7fd12a6','sem_contato',null,false,false,null,null,null,'153'),
('0c5b9488-4a10-496d-9d18-584ef6ea13cc','Café Cultura - Unidade Centro (Bocaiúva)','R. Bocaiúva, 1810 – Centro – Florianópolis',null,'(48) 3222-0000','@cafecultural','84043611-274c-5fbc-9c5f-cf8bf7fd12a6','sem_contato',null,false,false,null,null,null,'154'),
('360f8cfc-c55c-4a73-823d-31ac9529cb8b','Café Cultura - Praia Brava','Av. Afonso Delambert Neto, 980 – Florianópolis',null,null,'@cafecultural','84043611-274c-5fbc-9c5f-cf8bf7fd12a6','sem_contato',null,false,false,null,null,null,'155'),
('3366119c-ba93-47d3-ad29-08b0970c711e','Café Cultura - Jurerê Internacional','Av. dos Búzios, 2008 – Jurerê – Florianópolis',null,null,'@cafecultural','84043611-274c-5fbc-9c5f-cf8bf7fd12a6','sem_contato',null,false,false,null,null,null,'156'),
('c4dcd696-e9fb-4b4e-b5d7-42a51ec38c8e','Café Cultura - Shopping Mueller','R. Heitor Blum, 360 – Estreito – Florianópolis',null,null,'@cafecultural','84043611-274c-5fbc-9c5f-cf8bf7fd12a6','sem_contato',null,false,false,null,null,null,'157'),
('fe32d464-67e2-4b6d-9cb8-e6ffebec5fd3','Café Cultura - Trindade / UFSC','R. Dep. Antônio Edu Vieira, 895 – Florianópolis',null,null,'@cafecultural','84043611-274c-5fbc-9c5f-cf8bf7fd12a6','sem_contato',null,false,false,null,null,null,'158'),
('ac9ab649-c693-41a4-be4d-6d50e545a849','The Coffee - Beiramar Shopping','R. Bocaiúva, 2468 – Piso L1 – Florianópolis',null,'(48) 3225-6633','@thecoffee.jp','84043611-274c-5fbc-9c5f-cf8bf7fd12a6','sem_contato',null,false,false,null,null,null,'159'),
('d1abf281-e1c3-4d1a-95cd-6646e080acd6','The Coffee - Shopping Iguatemi','Rod. SC-401, 6600 – Florianópolis',null,'(48) 3239-1010','@thecoffee.jp','84043611-274c-5fbc-9c5f-cf8bf7fd12a6','sem_contato',null,false,false,null,null,null,'160'),
('8cdb3103-928a-4591-9196-ddc389efa730','The Coffee - Floripa Shopping','Rod. SC-405, 3820 – Florianópolis',null,'(48) 3234-1919','@thecoffee.jp','84043611-274c-5fbc-9c5f-cf8bf7fd12a6','sem_contato',null,false,false,null,null,null,'161'),
('6b31fa57-10d9-49e7-92fe-e47d6af8e32e','The Coffee - North Shopping','Rod. SC-401, 1 – Florianópolis',null,null,'@thecoffee.jp','84043611-274c-5fbc-9c5f-cf8bf7fd12a6','sem_contato',null,false,false,null,null,null,'162'),
('97afa31a-2523-424d-b0dd-0b791e217dbd','Merci Bakery & Coffee - Agronômica','R. João Pio Duarte Silva, 404 – Agronômica – Florianópolis',null,'(48) 98888-3005','@mercifloripa','84043611-274c-5fbc-9c5f-cf8bf7fd12a6','sem_contato',null,false,false,null,null,null,'163'),
('9ffb7057-ffc3-4915-843a-85a171969e29','Merci Bakery & Coffee - Itacorubi','R. Dr. Heitor Blum, 100 – Itacorubi – Florianópolis',null,'(48) 99999-1234','@mercifloripa','84043611-274c-5fbc-9c5f-cf8bf7fd12a6','sem_contato',null,false,false,null,null,null,'164'),
('5797c610-bc42-48ad-aa53-188846cd6956','Merci Bakery & Coffee - Santo Antônio de Lisboa','Praça Roldão da Rocha Pires – Santo Antônio – Florianópolis',null,null,'@mercifloripa','84043611-274c-5fbc-9c5f-cf8bf7fd12a6','sem_contato',null,false,false,null,null,null,'165'),
('f6d94699-bb4d-4428-9570-dfde10c3b3ad','NKMB Coffee - Lagoa da Conceição','R. Henrique Veras do Nascimento, 97 – Lagoa – Florianópolis',null,'(48) 3232-0200','@nkmbcoffeeco','84043611-274c-5fbc-9c5f-cf8bf7fd12a6','sem_contato',null,false,false,null,null,null,'166'),
('95b36d73-049c-4a7d-ad14-fec6c6290ff9','NKMB Coffee - Jurerê Internacional','Av. dos Búzios, 2020 – Jurerê – Florianópolis',null,'(48) 3282-0200','@nkmbcoffeeco','84043611-274c-5fbc-9c5f-cf8bf7fd12a6','sem_contato',null,false,false,null,null,null,'167'),
('c4b3c961-bbb8-4742-b92d-5ed9e6952e76','Deli - Trindade','R. Des. Pedro Silva, 2760 – Trindade – Florianópolis',null,'(48) 3025-1999','@shop.deli','84043611-274c-5fbc-9c5f-cf8bf7fd12a6','sem_contato',null,false,false,null,null,null,'168'),
('70d6ee9b-3bb6-403f-9360-e9106aa2626f','Deli - Itacorubi','Av. Gov. Ivo Silveira, 800 – Itacorubi – Florianópolis',null,'(48) 3025-2000','@shop.deli','84043611-274c-5fbc-9c5f-cf8bf7fd12a6','sem_contato',null,false,false,null,null,null,'169'),
('86213df4-17f9-4ec8-bd5e-d793101c174e','Deli - Coqueiros','R. Heitor Blum, 360 – Coqueiros – Florianópolis',null,null,'@shop.deli','84043611-274c-5fbc-9c5f-cf8bf7fd12a6','sem_contato',null,false,false,null,null,null,'170'),
('6b4880fc-328c-4a9f-96bc-035460239921','Toldo Café - Campeche','Av. Campeche, 1167 – Campeche – Florianópolis',null,'(48) 98400-1818','@toldocafe','84043611-274c-5fbc-9c5f-cf8bf7fd12a6','sem_contato',null,false,false,null,null,null,'171'),
('1b17d1fd-219e-4f6f-9f6b-e97b17459034','Toldo Café - Ingleses','R. Dom João Becker, 150 – Ingleses – Florianópolis',null,null,'@toldocafe','84043611-274c-5fbc-9c5f-cf8bf7fd12a6','sem_contato',null,false,false,null,null,null,'172'),
('0e5f0f27-7dc1-46c7-9b58-00cb2ea86e1c','Romali Café - Florianópolis','R. Almirante Lamego, 1162 – Centro – Florianópolis',null,'(48) 3222-0078','@romalicafe','84043611-274c-5fbc-9c5f-cf8bf7fd12a6','sem_contato',null,false,false,null,null,null,'173'),
('a95b1f5a-662f-4be6-b8ec-2ea8c2ed67de','Romali Café - Palhoça','R. Vidal Ramos, 14 – Centro – Palhoça',null,'(48) 3241-8800','@romalicafe','84043611-274c-5fbc-9c5f-cf8bf7fd12a6','sem_contato',null,false,false,null,null,null,'174'),
('547a45ce-9865-4315-887f-432fd1526975','Café François - Corporate Park','R. Professora Maria Flora Pausewang, 1 – Itacorubi – Florianópolis',null,'(48) 99191-5262','@francoisboulangerie','84043611-274c-5fbc-9c5f-cf8bf7fd12a6','sem_contato',null,false,false,null,null,null,'175'),
('1a46de35-3b96-4bf7-af83-fa4e12da0b05','Café François - Coqueiros','R. Heitor Blum, 100 – Coqueiros – Florianópolis',null,'(48) 99262-0046','@francoisboulangerie','84043611-274c-5fbc-9c5f-cf8bf7fd12a6','sem_contato',null,false,false,null,null,null,'176'),
('7ac08aa0-2e33-4021-a713-c5f2130062bb','Café François - Jurerê','Servidão Sebastião Júlio Meller, 175 – Jurerê – Florianópolis',null,'(48) 99231-5777','@francoisboulangerie','84043611-274c-5fbc-9c5f-cf8bf7fd12a6','sem_contato',null,false,false,null,null,null,'177'),
('64abbe16-e845-4a6b-91c9-c333e37fc6a5','Franchis - Centro (Marechal)','R. Marechal Guilherme, 42 – Centro – Florianópolis',null,'(48) 3222-8850','@franchispadaria','84043611-274c-5fbc-9c5f-cf8bf7fd12a6','sem_contato',null,false,false,null,null,null,'178'),
('8c1308b3-c051-420c-a140-597a16f6cc06','Franchis - Kobrasol','Av. Lédio João Martins, 150 – Kobrasol – São José',null,'(48) 3246-4888','@franchispadaria','84043611-274c-5fbc-9c5f-cf8bf7fd12a6','sem_contato',null,false,false,null,null,null,'179'),
('1f6af6cd-c917-4927-9912-26c1292d7069','Franchis - Coqueiros','R. Heitor Blum, 360 – Coqueiros – Florianópolis',null,'(48) 3240-2448','@franchispadaria','84043611-274c-5fbc-9c5f-cf8bf7fd12a6','sem_contato',null,false,false,null,null,null,'180'),
('3441681e-fb36-491e-9084-2d01e8c15621','Franchis - Angeloni SC-401','Rod. SC-401, 4390 – João Paulo – Florianópolis',null,'(48) 3204-6680','@franchispadaria','84043611-274c-5fbc-9c5f-cf8bf7fd12a6','sem_contato',null,false,false,null,null,null,'181'),
('e6aa8aeb-88f0-4574-8b03-cf49d6657bf3','Franchis - Campinas (São José)','Av. Lédio João Martins, 895 – Campinas – São José',null,'(48) 3246-2255','@franchispadaria','84043611-274c-5fbc-9c5f-cf8bf7fd12a6','sem_contato',null,false,false,null,null,null,'182'),
('e513828b-cbf8-44a1-b3de-9c3e354cff7f','Casa de Bolos - Trindade','R. Des. Pedro Silva, 2760 – Trindade – Florianópolis',null,'(48) 3025-3030','@casadebolosfloripa','84043611-274c-5fbc-9c5f-cf8bf7fd12a6','sem_contato',null,false,false,null,null,null,'183'),
('e933eb27-886d-4e11-a621-4eda651a7c0c','Casa de Bolos - Kobrasol','Av. Lédio João Martins, 222 – São José',null,'(48) 3246-0808','@casadebolosfloripa','84043611-274c-5fbc-9c5f-cf8bf7fd12a6','sem_contato',null,false,false,null,null,null,'184'),
('a6055a92-ec8f-4ff1-a6b2-9807843f8547','Casa de Bolos - Jurerê','Av. dos Búzios, 300 – Jurerê – Florianópolis',null,null,'@casadebolosfloripa','84043611-274c-5fbc-9c5f-cf8bf7fd12a6','sem_contato',null,false,false,null,null,null,'185'),
('c4f41400-1932-4d97-b490-5bd31f803f8c','Casa de Bolos - Lagoa da Conceição','R. Henrique Veras, 100 – Lagoa – Florianópolis',null,null,'@casadebolosfloripa','84043611-274c-5fbc-9c5f-cf8bf7fd12a6','sem_contato',null,false,false,null,null,null,'186'),
('aa7a5f79-5d58-4688-aa45-4e084d26f26c','Casa de Bolos - Centro (Beiramar)','R. Bocaiúva, 1800 – Centro – Florianópolis',null,null,'@casadebolosfloripa','84043611-274c-5fbc-9c5f-cf8bf7fd12a6','sem_contato',null,false,false,null,null,null,'187'),
('9b00760c-ac06-4495-89b9-1393321d7261','Casa de Bolos - Coqueiros','R. Heitor Blum, 500 – Coqueiros – Florianópolis',null,null,'@casadebolosfloripa','84043611-274c-5fbc-9c5f-cf8bf7fd12a6','sem_contato',null,false,false,null,null,null,'188'),
('66b88f4f-babe-4c22-85da-1f7be777409f','Casa de Bolos - Campeche','Av. Campeche, 1000 – Campeche – Florianópolis',null,null,'@casadebolosfloripa','84043611-274c-5fbc-9c5f-cf8bf7fd12a6','sem_contato',null,false,false,null,null,null,'189'),
('592cfb92-d8ac-4d6b-a225-f68b16f87d6e','Café Paris - Kobrasol 1','Av. Lédio João Martins, 140 – Kobrasol – São José',null,'(48) 3246-9000','@cafepariskobra','84043611-274c-5fbc-9c5f-cf8bf7fd12a6','sem_contato',null,false,false,null,null,null,'190'),
('861218f5-f141-4a78-ba6d-338801da3f48','Café Paris - Kobrasol 2','R. Ângela Salton, 100 – Kobrasol – São José',null,'(48) 3246-9100','@cafepariskobra','84043611-274c-5fbc-9c5f-cf8bf7fd12a6','sem_contato',null,false,false,null,null,null,'191'),
('da63b55d-6456-4bab-b8c6-803816a3bc0c','Café Paris - Palhoça','R. Vidal Ramos, 50 – Centro – Palhoça',null,'(48) 3241-9900','@cafepariskobra','84043611-274c-5fbc-9c5f-cf8bf7fd12a6','sem_contato',null,false,false,null,null,null,'192'),
('3de84af7-733f-4909-9978-83f5ef08283c','Café Paris - São José Centro','R. Domingos Veiga, 350 – Centro – São José',null,'(48) 3246-9200','@cafepariskobra','84043611-274c-5fbc-9c5f-cf8bf7fd12a6','sem_contato',null,false,false,null,null,null,'193'),
('61aff998-2c6e-4ae9-8545-2d8c9ffdbdd4','Café Paris - Campinas','Av. Presidente Kennedy, 400 – Campinas – São José',null,'(48) 3246-9300','@cafepariskobra','84043611-274c-5fbc-9c5f-cf8bf7fd12a6','sem_contato',null,false,false,null,null,null,'194'),
('547abb3f-babb-44cf-8101-ca116eed5e52','Café Paris - Florianópolis Centro','R. Felipe Schmidt, 500 – Centro – Florianópolis',null,'(48) 3222-9900','@cafepariskobra','84043611-274c-5fbc-9c5f-cf8bf7fd12a6','sem_contato',null,false,false,null,null,null,'195'),
('3a1bfa67-4ee8-4987-a6ee-cbdbedff6506','Café Paris - Barreiros','R. dos Barreiros, 200 – São José',null,null,'@cafepariskobra','84043611-274c-5fbc-9c5f-cf8bf7fd12a6','sem_contato',null,false,false,null,null,null,'196'),
('37fc6642-7994-4ed2-9416-91fbcdd94d95','Café Paris - Forquilhinhas','Rod. BR-101, 500 – Forquilhinhas – São José',null,null,'@cafepariskobra','84043611-274c-5fbc-9c5f-cf8bf7fd12a6','sem_contato',null,false,false,null,null,null,'197'),
('6d494f3d-9954-469f-8f89-8e699401119b','Café Paris - Roçado','R. do Roçado, 300 – Roçado – São José',null,null,'@cafepariskobra','84043611-274c-5fbc-9c5f-cf8bf7fd12a6','sem_contato',null,false,false,null,null,null,'198'),
('79fb915a-71cd-40eb-a9a5-e686f281552f','Confeitaria Sottili - Campinas','Av. Presidente Kennedy, 2302 – Campinas – São José',null,'(48) 3246-7200','@confeitariasottili','84043611-274c-5fbc-9c5f-cf8bf7fd12a6','sem_contato',null,false,false,null,null,null,'199'),
('674c6228-f9e6-42ff-8216-6879215fd75b','Confeitaria Sottili - Kobrasol','Av. Lédio João Martins, 900 – Kobrasol – São José',null,'(48) 3246-7300','@confeitariasottili','84043611-274c-5fbc-9c5f-cf8bf7fd12a6','sem_contato',null,false,false,null,null,null,'200'),
('81b45ab1-52ff-4486-880e-fe1dd41af685','Confeitaria Sottili - Florianópolis','R. Bocaiúva, 2000 – Centro – Florianópolis',null,'(48) 3025-7400','@confeitariasottili','84043611-274c-5fbc-9c5f-cf8bf7fd12a6','sem_contato',null,false,false,null,null,null,'201'),
('f0bbb90c-22b2-4925-a244-cc2c366c1f4a','Floripão Padaria - Carianos','R. Ruy Barbosa, 50 – Carianos – Florianópolis',null,'(48) 3237-1010','@floripaopadaria','84043611-274c-5fbc-9c5f-cf8bf7fd12a6','sem_contato',null,false,false,null,null,null,'202'),
('b70d19dd-5640-4262-83d1-a4f0fbf50bc6','Floripão Padaria - Tapera','R. José Cândido da Silva, 200 – Tapera – Florianópolis',null,'(48) 3237-2020','@floripaopadaria','84043611-274c-5fbc-9c5f-cf8bf7fd12a6','sem_contato',null,false,false,null,null,null,'203'),
('04396325-7d31-460f-9a41-5f90ca29934c','O Padeiro de Sevilha - Lagoa da Conceição','R. Henrique Veras do Nascimento, 266 – Lagoa – Florianópolis',null,'(48) 3232-9800','@opadeirodesevilha','84043611-274c-5fbc-9c5f-cf8bf7fd12a6','sem_contato',null,false,false,null,null,null,'204'),
('d408a219-f7b5-49e3-b34b-25212afb3b47','O Padeiro de Sevilha - Jurerê Internacional','Servidão Tancredo Neves, 100 – Jurerê – Florianópolis',null,'(48) 3282-9900','@opadeirodesevilha','84043611-274c-5fbc-9c5f-cf8bf7fd12a6','sem_contato',null,false,false,null,null,null,'205'),
('381479b6-a4cf-40b5-be63-953e3b4653c2','Breadbox - Pantanal/Trindade','R. Lauro Linhares, 1991 – Pantanal – Florianópolis',null,null,'@breadbox','84043611-274c-5fbc-9c5f-cf8bf7fd12a6','sem_contato',null,false,false,null,null,null,'206'),
('0973be84-481d-442e-86cb-af8100036331','Breadbox - Coqueiros','R. Heitor Blum, 200 – Coqueiros – Florianópolis',null,null,'@breadbox','84043611-274c-5fbc-9c5f-cf8bf7fd12a6','sem_contato',null,false,false,null,null,null,'207'),
('cd4c7c55-d9ba-4628-afd0-856d143abb94','Mokka - Centro','R. Felipe Schmidt, 290 – Centro – Florianópolis',null,'(48) 3222-3355','@mokkafloripa','84043611-274c-5fbc-9c5f-cf8bf7fd12a6','sem_contato',null,false,false,null,null,null,'208'),
('a2535d85-6fd3-4718-a13a-926da22560ce','Mokka - Kobrasol','Av. Lédio João Martins, 555 – Kobrasol – São José',null,'(48) 3246-3355','@mokkafloripa','84043611-274c-5fbc-9c5f-cf8bf7fd12a6','sem_contato',null,false,false,null,null,null,'209'),
('8e18e6a8-0c67-4526-94af-893e74b9e27e','Pão que Pode - Centro 1','R. Deodoro, 200 – Centro – Florianópolis',null,'(48) 3222-4545',null,'84043611-274c-5fbc-9c5f-cf8bf7fd12a6','sem_contato',null,false,false,null,null,null,'210'),
('3aaf121a-1da8-4569-9035-a6342605fbcc','Pão que Pode - Centro 2','R. João Pinto, 300 – Centro – Florianópolis',null,'(48) 3222-4646',null,'84043611-274c-5fbc-9c5f-cf8bf7fd12a6','sem_contato',null,false,false,null,null,null,'211'),
('6549c678-f3a8-4549-8216-28d9e8517410','Padaria Família Machado - SC-405 (Campeche)','Rod. SC-405, 5900 – Campeche – Florianópolis',null,'(48) 3237-0000','@pcfamiliamachado','84043611-274c-5fbc-9c5f-cf8bf7fd12a6','sem_contato',null,false,false,null,null,null,'212'),
('e15fbe35-58e3-4474-afea-85ced67d994b','Padaria Família Machado - Santos Saraiva (Estreito)','R. Santos Saraiva, 1026 – Estreito – Florianópolis',null,'(48) 3240-0000','@pcfamiliamachado','84043611-274c-5fbc-9c5f-cf8bf7fd12a6','sem_contato',null,false,false,null,null,null,'213');

-- ---------- Oportunidades (1 por conta; estágio derivado da temperatura) ----------
-- Trigger desligado no carregamento em massa; o baseline do funil é semeado
-- explicitamente mais abaixo (senão os contatos contariam em dobro).
alter table oportunidades disable trigger trg_log_pipeline_evento;
insert into oportunidades (conta_id,canal_id,estagio,valor_mrr,probabilidade,data_entrada_estagio,responsavel) values
('23683fde-8133-468a-8e2e-4ef041a2765f','84043611-274c-5fbc-9c5f-cf8bf7fd12a6','qualificado',250,25,'2026-06-13','Nathalia'),
('ebf21c1e-74bb-4daa-9d49-36d50df4e286','84043611-274c-5fbc-9c5f-cf8bf7fd12a6','contatado',250,10,'2026-06-15','Nathalia'),
('f49f1df8-f55a-406e-9fab-5ddfba4eab95','84043611-274c-5fbc-9c5f-cf8bf7fd12a6','contatado',250,10,'2026-06-15','Nathalia'),
('3dbd7647-3244-4c57-88ea-01fbbc4ab928','84043611-274c-5fbc-9c5f-cf8bf7fd12a6','contatado',250,10,'2026-06-15','Nathalia'),
('d578547d-079c-4440-9c46-3fe4a77c4e7f','84043611-274c-5fbc-9c5f-cf8bf7fd12a6','qualificado',250,25,'2026-06-18','Nathalia'),
('5da7cb1d-48e0-4cdc-8bb7-ace8ed2ca951','84043611-274c-5fbc-9c5f-cf8bf7fd12a6','qualificado',250,25,'2026-06-18','Nathalia'),
('af659f07-aac7-4dc6-9124-4720d607b635','84043611-274c-5fbc-9c5f-cf8bf7fd12a6','contatado',250,10,'2026-06-12','Nathalia'),
('8db105c4-5117-4176-9d14-a7aa8214ebc1','84043611-274c-5fbc-9c5f-cf8bf7fd12a6','contatado',250,10,'2026-06-12','Nathalia'),
('375229da-7329-4910-9313-59eb92be8277','84043611-274c-5fbc-9c5f-cf8bf7fd12a6','contatado',250,10,'2026-06-12','Nathalia'),
('71c28365-5750-4c7a-b39c-e6ebf718e621','84043611-274c-5fbc-9c5f-cf8bf7fd12a6','contatado',250,10,'2026-06-12','Nathalia'),
('013fbba9-6cd7-4b67-8e1c-138744081e19','84043611-274c-5fbc-9c5f-cf8bf7fd12a6','contatado',250,10,'2026-06-12','Nathalia'),
('53f0a932-216a-4ee9-a698-2644c9d574c6','84043611-274c-5fbc-9c5f-cf8bf7fd12a6','contatado',250,10,'2026-06-12','Nathalia'),
('54822477-c8d0-412d-b45f-86c349304dc5','84043611-274c-5fbc-9c5f-cf8bf7fd12a6','qualificado',250,25,'2026-06-12','Nathalia'),
('2ecad7e4-24e1-4bb4-aced-60e9de09209f','84043611-274c-5fbc-9c5f-cf8bf7fd12a6','contatado',250,10,'2026-06-12','Nathalia'),
('b4abddfa-7506-4bd3-9c55-921e23a3d9c9','84043611-274c-5fbc-9c5f-cf8bf7fd12a6','qualificado',250,25,'2026-06-12','Nathalia'),
('a96e1a3c-a31b-4078-8360-cde65b97f84f','84043611-274c-5fbc-9c5f-cf8bf7fd12a6','contatado',250,10,'2026-06-12','Nathalia'),
('54ad2447-7915-401d-8349-3874e165fa00','84043611-274c-5fbc-9c5f-cf8bf7fd12a6','qualificado',250,25,'2026-06-12','Nathalia'),
('4c7f6484-985e-4588-8afe-4ac24d9cb6c3','84043611-274c-5fbc-9c5f-cf8bf7fd12a6','qualificado',250,25,'2026-06-12','Nathalia'),
('cb216cf8-aad0-4159-a8b9-576cd11519cc','84043611-274c-5fbc-9c5f-cf8bf7fd12a6','contatado',250,10,'2026-06-12','Nathalia'),
('2de85b66-38be-40bd-9847-3752049b826b','84043611-274c-5fbc-9c5f-cf8bf7fd12a6','contatado',250,10,'2026-06-12','Nathalia'),
('47e4f339-52ed-4a23-8b78-7ce86d789a48','84043611-274c-5fbc-9c5f-cf8bf7fd12a6','contatado',250,10,'2026-06-12','Nathalia'),
('21ec6f03-e817-43b7-a198-1108d7bf96e0','84043611-274c-5fbc-9c5f-cf8bf7fd12a6','contatado',250,10,'2026-06-12','Nathalia'),
('c4ebf714-768c-44e7-8016-5e95c0e5340d','84043611-274c-5fbc-9c5f-cf8bf7fd12a6','contatado',250,10,'2026-06-12','Nathalia'),
('039a2363-3cf9-4551-b95f-66b4e2d40746','84043611-274c-5fbc-9c5f-cf8bf7fd12a6','qualificado',250,25,'2026-06-12','Nathalia'),
('7509afd7-f1ee-44c6-8817-0bb1d1331252','84043611-274c-5fbc-9c5f-cf8bf7fd12a6','contatado',250,10,'2026-06-12','Nathalia'),
('50642df8-c68e-4bb5-9e09-a11eb3b270fe','84043611-274c-5fbc-9c5f-cf8bf7fd12a6','contatado',250,10,'2026-06-12','Nathalia'),
('032c2198-8001-40a2-8799-ad688c3e52bd','84043611-274c-5fbc-9c5f-cf8bf7fd12a6','contatado',250,10,'2026-06-12','Nathalia'),
('b01d673f-6acd-40b8-b089-15909bbf74e0','84043611-274c-5fbc-9c5f-cf8bf7fd12a6','contatado',250,10,'2026-06-12','Nathalia'),
('8df89546-8bad-41b1-87f9-544635c2d5c4','84043611-274c-5fbc-9c5f-cf8bf7fd12a6','contatado',250,10,'2026-06-12','Nathalia'),
('4ee08b99-8fce-42b1-ac0f-cf5e8fa06d14','84043611-274c-5fbc-9c5f-cf8bf7fd12a6','contatado',250,10,'2026-06-12','Nathalia'),
('d385dc11-0356-4a53-b2b7-02291a4b74b5','84043611-274c-5fbc-9c5f-cf8bf7fd12a6','contatado',250,10,'2026-06-12','Nathalia'),
('e37ea7f7-c46e-455a-b1a1-79e031618567','84043611-274c-5fbc-9c5f-cf8bf7fd12a6','qualificado',250,25,'2026-06-12','Nathalia'),
('37f4463c-6454-409a-bc33-396bdd339719','84043611-274c-5fbc-9c5f-cf8bf7fd12a6','contatado',250,10,'2026-06-12','Nathalia'),
('e5ca0778-e3c9-4b2a-8479-e41ac9b91d73','84043611-274c-5fbc-9c5f-cf8bf7fd12a6','contatado',250,10,'2026-06-12','Nathalia'),
('ec587e6f-68f8-4ac0-8a9a-175526252614','84043611-274c-5fbc-9c5f-cf8bf7fd12a6','qualificado',250,25,'2026-06-12','Nathalia'),
('a649cd77-9cd4-40c1-860d-44cca8f65c1a','84043611-274c-5fbc-9c5f-cf8bf7fd12a6','contatado',250,10,'2026-06-12','Nathalia'),
('ff3d329e-6f39-4e03-8f9e-45f4db2292ae','84043611-274c-5fbc-9c5f-cf8bf7fd12a6','contatado',250,10,'2026-06-12','Nathalia'),
('727d9b0d-af2d-4a5c-aeba-3ec184e51297','84043611-274c-5fbc-9c5f-cf8bf7fd12a6','contatado',250,10,'2026-06-12','Nathalia'),
('b5ba6db1-3b8d-44f2-a9fb-1accdf2db31c','84043611-274c-5fbc-9c5f-cf8bf7fd12a6','contatado',250,10,'2026-06-12','Nathalia'),
('d4d80e24-7dfb-433f-8c3b-8e5b2fc245b3','84043611-274c-5fbc-9c5f-cf8bf7fd12a6','contatado',250,10,'2026-06-12','Nathalia'),
('d4b047dd-303c-4180-a4b2-c3bc602f0b7a','84043611-274c-5fbc-9c5f-cf8bf7fd12a6','contatado',250,10,'2026-06-12','Nathalia'),
('da10172d-667a-4749-926f-f0c4d29ec92f','84043611-274c-5fbc-9c5f-cf8bf7fd12a6','contatado',250,10,'2026-06-12','Nathalia'),
('cf5a8e5b-f7ef-45c1-93b7-c41e54e36fb0','84043611-274c-5fbc-9c5f-cf8bf7fd12a6','contatado',250,10,'2026-06-12','Nathalia'),
('73cc521c-891b-4b4f-a5d8-9ad9ba8fe7eb','84043611-274c-5fbc-9c5f-cf8bf7fd12a6','contatado',250,10,'2026-06-12','Nathalia'),
('9e58df08-453d-44f0-9787-aec7ef97b296','84043611-274c-5fbc-9c5f-cf8bf7fd12a6','contatado',250,10,'2026-06-12','Nathalia'),
('71cca416-4674-4d47-bee0-94eedfb170a5','84043611-274c-5fbc-9c5f-cf8bf7fd12a6','reuniao',250,40,'2026-06-12','Nathalia'),
('6b5faae7-8ca2-404e-b977-21726bf8e5ad','84043611-274c-5fbc-9c5f-cf8bf7fd12a6','cadastrado',250,5,'2026-06-20','Nathalia'),
('cdf8bf11-d30f-42ee-a3fa-43c0acd41658','84043611-274c-5fbc-9c5f-cf8bf7fd12a6','cadastrado',250,5,'2026-06-20','Nathalia'),
('89e1dddf-38ea-48a7-b948-cfd7bac02303','84043611-274c-5fbc-9c5f-cf8bf7fd12a6','cadastrado',250,5,'2026-06-20','Nathalia'),
('bd42e2c1-fdad-42e9-8fc1-36865f5eba8a','84043611-274c-5fbc-9c5f-cf8bf7fd12a6','cadastrado',250,5,'2026-06-20','Nathalia'),
('e11d2ff3-2885-4578-b63c-977b0db6f5ce','84043611-274c-5fbc-9c5f-cf8bf7fd12a6','cadastrado',250,5,'2026-06-20','Nathalia'),
('a42f2c3d-6093-4b50-8d4d-16dad0cde0c7','84043611-274c-5fbc-9c5f-cf8bf7fd12a6','cadastrado',250,5,'2026-06-20','Nathalia'),
('0bb9d5fc-cb12-45f8-b3b2-63d7e1dae0a5','84043611-274c-5fbc-9c5f-cf8bf7fd12a6','cadastrado',250,5,'2026-06-20','Nathalia'),
('63d0d190-b210-409d-b235-08bcd09236de','84043611-274c-5fbc-9c5f-cf8bf7fd12a6','cadastrado',250,5,'2026-06-20','Nathalia'),
('db8ed62f-db75-4b08-81a5-3f03f04f0006','84043611-274c-5fbc-9c5f-cf8bf7fd12a6','cadastrado',250,5,'2026-06-20','Nathalia'),
('9bb6fa58-f077-40db-9fec-9d949173e0f4','84043611-274c-5fbc-9c5f-cf8bf7fd12a6','cadastrado',250,5,'2026-06-20','Nathalia'),
('db018c08-a19e-4c94-899d-9edbc2d22431','84043611-274c-5fbc-9c5f-cf8bf7fd12a6','cadastrado',250,5,'2026-06-20','Nathalia'),
('34829cd0-f348-4873-814c-3b0dda5e9f60','84043611-274c-5fbc-9c5f-cf8bf7fd12a6','cadastrado',250,5,'2026-06-20','Nathalia'),
('ddeb9ebf-ddec-46d8-92b3-9805f03c80ed','84043611-274c-5fbc-9c5f-cf8bf7fd12a6','cadastrado',250,5,'2026-06-20','Nathalia'),
('155bbb7b-b1fd-4a89-974b-0c55ef1f33f6','84043611-274c-5fbc-9c5f-cf8bf7fd12a6','cadastrado',250,5,'2026-06-20','Nathalia'),
('cfd3a003-0401-40eb-8ffe-2db200f6f07c','84043611-274c-5fbc-9c5f-cf8bf7fd12a6','cadastrado',250,5,'2026-06-20','Nathalia'),
('f55b6373-8d6a-4f00-906d-4a7c7b5ce383','84043611-274c-5fbc-9c5f-cf8bf7fd12a6','cadastrado',250,5,'2026-06-20','Nathalia'),
('4dfa97e9-b425-41e3-9e08-bac1c199789b','84043611-274c-5fbc-9c5f-cf8bf7fd12a6','cadastrado',250,5,'2026-06-20','Nathalia'),
('6199e1d8-2f51-4df1-94b5-094a051f1cbd','84043611-274c-5fbc-9c5f-cf8bf7fd12a6','cadastrado',250,5,'2026-06-20','Nathalia'),
('4fa9f76a-889d-45f5-a8a8-1e500d07173a','84043611-274c-5fbc-9c5f-cf8bf7fd12a6','cadastrado',250,5,'2026-06-20','Nathalia'),
('59bbcaee-d26c-4c13-9174-560f79158a62','84043611-274c-5fbc-9c5f-cf8bf7fd12a6','cadastrado',250,5,'2026-06-20','Nathalia'),
('57bf35a2-d85e-4df1-a8e1-844d84b61824','84043611-274c-5fbc-9c5f-cf8bf7fd12a6','cadastrado',250,5,'2026-06-20','Nathalia'),
('63a75afe-0ddc-4141-9c82-74de50543f82','84043611-274c-5fbc-9c5f-cf8bf7fd12a6','cadastrado',250,5,'2026-06-20','Nathalia'),
('c25689b9-b3cb-44fb-851a-d68d3da65f30','84043611-274c-5fbc-9c5f-cf8bf7fd12a6','cadastrado',250,5,'2026-06-20','Nathalia'),
('3cc02b2d-bec1-41fb-8ab6-ccc2910af235','84043611-274c-5fbc-9c5f-cf8bf7fd12a6','cadastrado',250,5,'2026-06-20','Nathalia'),
('3397de0c-3761-4afe-a0c3-49ec4756b7f4','84043611-274c-5fbc-9c5f-cf8bf7fd12a6','cadastrado',250,5,'2026-06-20','Nathalia'),
('c025e338-f439-47c6-974f-f2ae738cbede','84043611-274c-5fbc-9c5f-cf8bf7fd12a6','cadastrado',250,5,'2026-06-20','Nathalia'),
('989bf436-db4f-4880-946e-6d8682d90c02','84043611-274c-5fbc-9c5f-cf8bf7fd12a6','cadastrado',250,5,'2026-06-20','Nathalia'),
('d7b383cd-6a3d-4e9d-bf66-a2d75ea53492','84043611-274c-5fbc-9c5f-cf8bf7fd12a6','cadastrado',250,5,'2026-06-20','Nathalia'),
('8255d9b0-2af5-4024-a964-f56d6612f3fe','84043611-274c-5fbc-9c5f-cf8bf7fd12a6','cadastrado',250,5,'2026-06-20','Nathalia'),
('fff98d91-dc5a-42ad-9784-9ac997211de5','84043611-274c-5fbc-9c5f-cf8bf7fd12a6','cadastrado',250,5,'2026-06-20','Nathalia'),
('72630d35-ceba-4ba1-aea1-f61f306081b3','84043611-274c-5fbc-9c5f-cf8bf7fd12a6','cadastrado',250,5,'2026-06-20','Nathalia'),
('3a89124e-7a48-4bf6-980d-243de46ae654','84043611-274c-5fbc-9c5f-cf8bf7fd12a6','cadastrado',250,5,'2026-06-20','Nathalia'),
('c759156f-e4c8-4053-b03e-59c833353c95','84043611-274c-5fbc-9c5f-cf8bf7fd12a6','cadastrado',250,5,'2026-06-20','Nathalia'),
('ebe9c8a0-63eb-4cb3-8f02-88d3055519d6','84043611-274c-5fbc-9c5f-cf8bf7fd12a6','cadastrado',250,5,'2026-06-20','Nathalia'),
('7e8cbe07-6474-4124-989d-816f387f1722','84043611-274c-5fbc-9c5f-cf8bf7fd12a6','cadastrado',250,5,'2026-06-20','Nathalia'),
('eb3237cd-2797-4d88-ad69-7ba117394104','84043611-274c-5fbc-9c5f-cf8bf7fd12a6','cadastrado',250,5,'2026-06-20','Nathalia'),
('f74f8b08-1714-4b48-b907-bf26c6a35f19','84043611-274c-5fbc-9c5f-cf8bf7fd12a6','cadastrado',250,5,'2026-06-20','Nathalia'),
('f7af4fc3-42f7-4f95-a786-b380b11fdcee','84043611-274c-5fbc-9c5f-cf8bf7fd12a6','cadastrado',250,5,'2026-06-20','Nathalia'),
('3e12c58e-2b92-46f9-863d-390ba6880880','84043611-274c-5fbc-9c5f-cf8bf7fd12a6','cadastrado',250,5,'2026-06-20','Nathalia'),
('458cff81-bf78-4aa4-9b9f-59ea938bab23','84043611-274c-5fbc-9c5f-cf8bf7fd12a6','cadastrado',250,5,'2026-06-20','Nathalia'),
('a5d784b3-7cf8-429e-8b1c-ae49716c4e8c','84043611-274c-5fbc-9c5f-cf8bf7fd12a6','cadastrado',250,5,'2026-06-20','Nathalia'),
('3c754903-14df-429a-9695-6cbf3a1b0319','84043611-274c-5fbc-9c5f-cf8bf7fd12a6','cadastrado',250,5,'2026-06-20','Nathalia'),
('6261965a-4cd0-41f7-b2bd-5056023558d4','84043611-274c-5fbc-9c5f-cf8bf7fd12a6','cadastrado',250,5,'2026-06-20','Nathalia'),
('ec6911b6-7577-498b-b381-cbf37175dfbd','84043611-274c-5fbc-9c5f-cf8bf7fd12a6','cadastrado',250,5,'2026-06-20','Nathalia'),
('78ece64f-5cbc-4b15-a1d4-2fbca43af767','84043611-274c-5fbc-9c5f-cf8bf7fd12a6','cadastrado',250,5,'2026-06-20','Nathalia'),
('0160a16b-0d24-44f6-b50e-f2f2f2f4c8ad','84043611-274c-5fbc-9c5f-cf8bf7fd12a6','cadastrado',250,5,'2026-06-20','Nathalia'),
('c4055aa1-7d2e-42ec-a052-63cd850a6be2','84043611-274c-5fbc-9c5f-cf8bf7fd12a6','cadastrado',250,5,'2026-06-20','Nathalia'),
('dad1982d-fadb-47fa-8443-a99e7174e0df','84043611-274c-5fbc-9c5f-cf8bf7fd12a6','cadastrado',250,5,'2026-06-20','Nathalia'),
('ff4e73bc-fb41-460b-9ecd-d7b7bfd81975','84043611-274c-5fbc-9c5f-cf8bf7fd12a6','cadastrado',250,5,'2026-06-20','Nathalia'),
('434fedb4-84f3-4905-922a-f9f91f219b8f','84043611-274c-5fbc-9c5f-cf8bf7fd12a6','cadastrado',250,5,'2026-06-20','Nathalia'),
('c043a887-c9e7-44e3-88a6-b557ac5fa9af','84043611-274c-5fbc-9c5f-cf8bf7fd12a6','cadastrado',250,5,'2026-06-20','Nathalia'),
('f2719077-7d4a-41ab-9d8a-1a59ec521c67','84043611-274c-5fbc-9c5f-cf8bf7fd12a6','cadastrado',250,5,'2026-06-20','Nathalia'),
('891bdbec-cf43-4299-8cd3-73f1e0ae3bb6','84043611-274c-5fbc-9c5f-cf8bf7fd12a6','cadastrado',250,5,'2026-06-20','Nathalia'),
('5c5f3251-17e6-4750-9bc5-1971d5f108f2','84043611-274c-5fbc-9c5f-cf8bf7fd12a6','cadastrado',250,5,'2026-06-20','Nathalia'),
('212792ff-47f4-4b9a-95dd-348ace3169cb','84043611-274c-5fbc-9c5f-cf8bf7fd12a6','cadastrado',250,5,'2026-06-20','Nathalia'),
('42e7a3c2-59eb-4e40-9862-e1bb19be04cd','84043611-274c-5fbc-9c5f-cf8bf7fd12a6','cadastrado',250,5,'2026-06-20','Nathalia'),
('af5138f2-860a-4b7a-b634-1d8c6648e634','84043611-274c-5fbc-9c5f-cf8bf7fd12a6','cadastrado',250,5,'2026-06-20','Nathalia'),
('729b2347-cb78-45b8-a93d-8051d26aaa06','84043611-274c-5fbc-9c5f-cf8bf7fd12a6','cadastrado',250,5,'2026-06-20','Nathalia'),
('3b7746d1-1371-4052-b363-b53330056556','84043611-274c-5fbc-9c5f-cf8bf7fd12a6','cadastrado',250,5,'2026-06-20','Nathalia'),
('a8bdede5-f5d5-43f2-9c86-84aa4c3d647a','84043611-274c-5fbc-9c5f-cf8bf7fd12a6','cadastrado',250,5,'2026-06-20','Nathalia'),
('8fda7b5b-1a57-4e8f-92b6-9821669aebae','84043611-274c-5fbc-9c5f-cf8bf7fd12a6','cadastrado',250,5,'2026-06-20','Nathalia'),
('56f294f4-f306-4b5c-9764-e3531cb98e9f','84043611-274c-5fbc-9c5f-cf8bf7fd12a6','cadastrado',250,5,'2026-06-20','Nathalia'),
('a3e12356-674b-4837-8d26-06bfea5367c6','84043611-274c-5fbc-9c5f-cf8bf7fd12a6','cadastrado',250,5,'2026-06-20','Nathalia'),
('da0bde6a-dacc-4bba-8d99-589796896b55','84043611-274c-5fbc-9c5f-cf8bf7fd12a6','cadastrado',250,5,'2026-06-20','Nathalia'),
('0bf7914a-aecc-4577-a0d3-06c66039a586','84043611-274c-5fbc-9c5f-cf8bf7fd12a6','cadastrado',250,5,'2026-06-20','Nathalia'),
('1ce78bfb-37fa-4f22-b6e5-4a1b5d01724f','84043611-274c-5fbc-9c5f-cf8bf7fd12a6','cadastrado',250,5,'2026-06-20','Nathalia'),
('cfea60de-0147-4f19-9fc3-dbdf4f35b052','84043611-274c-5fbc-9c5f-cf8bf7fd12a6','cadastrado',250,5,'2026-06-20','Nathalia'),
('9dcae32f-8892-4eda-9599-4fe31d9aec71','84043611-274c-5fbc-9c5f-cf8bf7fd12a6','cadastrado',250,5,'2026-06-20','Nathalia'),
('538effcb-49c2-47db-ac4a-555c6ee2a3ea','84043611-274c-5fbc-9c5f-cf8bf7fd12a6','cadastrado',250,5,'2026-06-20','Nathalia'),
('5f4cd38d-a716-478f-a182-b274d4571894','84043611-274c-5fbc-9c5f-cf8bf7fd12a6','cadastrado',250,5,'2026-06-20','Nathalia'),
('b493df5c-67f0-492f-8344-8792e5682727','84043611-274c-5fbc-9c5f-cf8bf7fd12a6','cadastrado',250,5,'2026-06-20','Nathalia'),
('42ace148-e10e-45a9-8f29-b28587fd444c','84043611-274c-5fbc-9c5f-cf8bf7fd12a6','cadastrado',250,5,'2026-06-20','Nathalia'),
('ec044950-ca8b-4032-8381-64aa26715b9a','84043611-274c-5fbc-9c5f-cf8bf7fd12a6','cadastrado',250,5,'2026-06-20','Nathalia'),
('1ddd1b3e-fedc-4217-9925-e6badbef7472','84043611-274c-5fbc-9c5f-cf8bf7fd12a6','cadastrado',250,5,'2026-06-20','Nathalia'),
('60b275eb-b55b-4e29-ac7c-16bfe7b1d589','84043611-274c-5fbc-9c5f-cf8bf7fd12a6','cadastrado',250,5,'2026-06-20','Nathalia'),
('d7f3104a-faa7-4289-a07c-d5a73b6aea37','84043611-274c-5fbc-9c5f-cf8bf7fd12a6','cadastrado',250,5,'2026-06-20','Nathalia'),
('636cd59c-7ea7-4729-b5c8-062349bc1957','84043611-274c-5fbc-9c5f-cf8bf7fd12a6','cadastrado',250,5,'2026-06-20','Nathalia'),
('df8a3a64-cae9-4d37-ab65-bbce817d1ca0','84043611-274c-5fbc-9c5f-cf8bf7fd12a6','cadastrado',250,5,'2026-06-20','Nathalia'),
('c5977f50-2663-45b6-b43a-5418bc7c741a','84043611-274c-5fbc-9c5f-cf8bf7fd12a6','cadastrado',250,5,'2026-06-20','Nathalia'),
('a76c239c-d2ef-4b6c-b2d1-d38a6acec71f','84043611-274c-5fbc-9c5f-cf8bf7fd12a6','cadastrado',250,5,'2026-06-20','Nathalia'),
('8f3834fd-008a-443a-81bb-bf3a9df15549','84043611-274c-5fbc-9c5f-cf8bf7fd12a6','cadastrado',250,5,'2026-06-20','Nathalia'),
('73ec6736-2339-4a07-8bd5-3148c24b1ca1','84043611-274c-5fbc-9c5f-cf8bf7fd12a6','cadastrado',250,5,'2026-06-20','Nathalia'),
('fd38db58-4df6-455c-8dbf-7d0c22facd4c','84043611-274c-5fbc-9c5f-cf8bf7fd12a6','cadastrado',250,5,'2026-06-20','Nathalia'),
('d18b0e4c-3e49-44a8-b073-0a256128c3d9','84043611-274c-5fbc-9c5f-cf8bf7fd12a6','contatado',250,10,'2026-06-20','Nathalia'),
('7eee4973-9f34-4134-9d6d-e549f8655d49','84043611-274c-5fbc-9c5f-cf8bf7fd12a6','contatado',250,10,'2026-06-20','Nathalia'),
('05552cd0-8a0f-4084-b7ce-6cffc37a7aba','84043611-274c-5fbc-9c5f-cf8bf7fd12a6','contatado',250,10,'2026-06-20','Nathalia'),
('1932b95e-9118-471f-ae32-3932ea4660bb','84043611-274c-5fbc-9c5f-cf8bf7fd12a6','cadastrado',250,5,'2026-06-20','Nathalia'),
('0a0e198a-5a99-4313-9621-060fb25eeef7','84043611-274c-5fbc-9c5f-cf8bf7fd12a6','contatado',250,10,'2026-06-20','Nathalia'),
('2b0ee2d4-fa20-4e0c-8089-365927e61f7a','84043611-274c-5fbc-9c5f-cf8bf7fd12a6','cadastrado',250,5,'2026-06-20','Nathalia'),
('0e81fb1a-1e74-484f-ab38-4cc4d1c72212','84043611-274c-5fbc-9c5f-cf8bf7fd12a6','contatado',250,10,'2026-06-20','Nathalia'),
('d285ebc5-3b9f-4787-a967-19becaf03a2e','84043611-274c-5fbc-9c5f-cf8bf7fd12a6','cadastrado',250,5,'2026-06-20','Nathalia'),
('682e5982-10a4-47e2-9ac7-cca34e87658f','84043611-274c-5fbc-9c5f-cf8bf7fd12a6','cadastrado',250,5,'2026-06-20','Nathalia'),
('7a322d7c-cf79-4791-93bc-7e6a15c28690','84043611-274c-5fbc-9c5f-cf8bf7fd12a6','cadastrado',250,5,'2026-06-20','Nathalia'),
('92bef19c-5914-4e5f-bae9-7ebea05025a1','84043611-274c-5fbc-9c5f-cf8bf7fd12a6','cadastrado',250,5,'2026-06-20','Nathalia'),
('cf67e0f2-01e9-4e47-b843-165434c1fc62','84043611-274c-5fbc-9c5f-cf8bf7fd12a6','cadastrado',250,5,'2026-06-20','Nathalia'),
('5307504a-88fc-49f3-8657-bd18132e18f8','84043611-274c-5fbc-9c5f-cf8bf7fd12a6','cadastrado',250,5,'2026-06-20','Nathalia'),
('50286682-140f-41be-aa8f-8aef0ac5b30d','84043611-274c-5fbc-9c5f-cf8bf7fd12a6','cadastrado',250,5,'2026-06-20','Nathalia'),
('e0c83f85-b2dc-4d92-9d62-520438b84bdb','84043611-274c-5fbc-9c5f-cf8bf7fd12a6','cadastrado',250,5,'2026-06-20','Nathalia'),
('569d812c-11ee-45ff-a669-acdf0b4c857a','84043611-274c-5fbc-9c5f-cf8bf7fd12a6','cadastrado',250,5,'2026-06-20','Nathalia'),
('87a24a5a-1fce-4de3-81e1-a01c4b925354','84043611-274c-5fbc-9c5f-cf8bf7fd12a6','cadastrado',250,5,'2026-06-20','Nathalia'),
('d9cd1069-888d-44a5-bc9e-89fb2c974eb0','84043611-274c-5fbc-9c5f-cf8bf7fd12a6','cadastrado',250,5,'2026-06-20',null),
('49883c0b-37bb-4a1e-b13a-6bd9eed8204f','84043611-274c-5fbc-9c5f-cf8bf7fd12a6','cadastrado',250,5,'2026-06-20',null),
('a3108b2a-8149-48ac-b13b-f107e873d3a5','84043611-274c-5fbc-9c5f-cf8bf7fd12a6','cadastrado',250,5,'2026-06-20',null),
('f79b059a-c3cf-4c4b-847a-2abec76a2642','84043611-274c-5fbc-9c5f-cf8bf7fd12a6','cadastrado',250,5,'2026-06-20',null),
('805831f7-6f52-46bd-9606-92905fb7e012','84043611-274c-5fbc-9c5f-cf8bf7fd12a6','cadastrado',250,5,'2026-06-20',null),
('b55353f5-f052-4f72-9f09-dc452ce1ea76','84043611-274c-5fbc-9c5f-cf8bf7fd12a6','cadastrado',250,5,'2026-06-20',null),
('0c5b9488-4a10-496d-9d18-584ef6ea13cc','84043611-274c-5fbc-9c5f-cf8bf7fd12a6','cadastrado',250,5,'2026-06-20',null),
('360f8cfc-c55c-4a73-823d-31ac9529cb8b','84043611-274c-5fbc-9c5f-cf8bf7fd12a6','cadastrado',250,5,'2026-06-20',null),
('3366119c-ba93-47d3-ad29-08b0970c711e','84043611-274c-5fbc-9c5f-cf8bf7fd12a6','cadastrado',250,5,'2026-06-20',null),
('c4dcd696-e9fb-4b4e-b5d7-42a51ec38c8e','84043611-274c-5fbc-9c5f-cf8bf7fd12a6','cadastrado',250,5,'2026-06-20',null),
('fe32d464-67e2-4b6d-9cb8-e6ffebec5fd3','84043611-274c-5fbc-9c5f-cf8bf7fd12a6','cadastrado',250,5,'2026-06-20',null),
('ac9ab649-c693-41a4-be4d-6d50e545a849','84043611-274c-5fbc-9c5f-cf8bf7fd12a6','cadastrado',250,5,'2026-06-20',null),
('d1abf281-e1c3-4d1a-95cd-6646e080acd6','84043611-274c-5fbc-9c5f-cf8bf7fd12a6','cadastrado',250,5,'2026-06-20',null),
('8cdb3103-928a-4591-9196-ddc389efa730','84043611-274c-5fbc-9c5f-cf8bf7fd12a6','cadastrado',250,5,'2026-06-20',null),
('6b31fa57-10d9-49e7-92fe-e47d6af8e32e','84043611-274c-5fbc-9c5f-cf8bf7fd12a6','cadastrado',250,5,'2026-06-20',null),
('97afa31a-2523-424d-b0dd-0b791e217dbd','84043611-274c-5fbc-9c5f-cf8bf7fd12a6','cadastrado',250,5,'2026-06-20',null),
('9ffb7057-ffc3-4915-843a-85a171969e29','84043611-274c-5fbc-9c5f-cf8bf7fd12a6','cadastrado',250,5,'2026-06-20',null),
('5797c610-bc42-48ad-aa53-188846cd6956','84043611-274c-5fbc-9c5f-cf8bf7fd12a6','cadastrado',250,5,'2026-06-20',null),
('f6d94699-bb4d-4428-9570-dfde10c3b3ad','84043611-274c-5fbc-9c5f-cf8bf7fd12a6','cadastrado',250,5,'2026-06-20',null),
('95b36d73-049c-4a7d-ad14-fec6c6290ff9','84043611-274c-5fbc-9c5f-cf8bf7fd12a6','cadastrado',250,5,'2026-06-20',null),
('c4b3c961-bbb8-4742-b92d-5ed9e6952e76','84043611-274c-5fbc-9c5f-cf8bf7fd12a6','cadastrado',250,5,'2026-06-20',null),
('70d6ee9b-3bb6-403f-9360-e9106aa2626f','84043611-274c-5fbc-9c5f-cf8bf7fd12a6','cadastrado',250,5,'2026-06-20',null),
('86213df4-17f9-4ec8-bd5e-d793101c174e','84043611-274c-5fbc-9c5f-cf8bf7fd12a6','cadastrado',250,5,'2026-06-20',null),
('6b4880fc-328c-4a9f-96bc-035460239921','84043611-274c-5fbc-9c5f-cf8bf7fd12a6','cadastrado',250,5,'2026-06-20',null),
('1b17d1fd-219e-4f6f-9f6b-e97b17459034','84043611-274c-5fbc-9c5f-cf8bf7fd12a6','cadastrado',250,5,'2026-06-20',null),
('0e5f0f27-7dc1-46c7-9b58-00cb2ea86e1c','84043611-274c-5fbc-9c5f-cf8bf7fd12a6','cadastrado',250,5,'2026-06-20',null),
('a95b1f5a-662f-4be6-b8ec-2ea8c2ed67de','84043611-274c-5fbc-9c5f-cf8bf7fd12a6','cadastrado',250,5,'2026-06-20',null),
('547a45ce-9865-4315-887f-432fd1526975','84043611-274c-5fbc-9c5f-cf8bf7fd12a6','cadastrado',250,5,'2026-06-20',null),
('1a46de35-3b96-4bf7-af83-fa4e12da0b05','84043611-274c-5fbc-9c5f-cf8bf7fd12a6','cadastrado',250,5,'2026-06-20',null),
('7ac08aa0-2e33-4021-a713-c5f2130062bb','84043611-274c-5fbc-9c5f-cf8bf7fd12a6','cadastrado',250,5,'2026-06-20',null),
('64abbe16-e845-4a6b-91c9-c333e37fc6a5','84043611-274c-5fbc-9c5f-cf8bf7fd12a6','cadastrado',250,5,'2026-06-20',null),
('8c1308b3-c051-420c-a140-597a16f6cc06','84043611-274c-5fbc-9c5f-cf8bf7fd12a6','cadastrado',250,5,'2026-06-20',null),
('1f6af6cd-c917-4927-9912-26c1292d7069','84043611-274c-5fbc-9c5f-cf8bf7fd12a6','cadastrado',250,5,'2026-06-20',null),
('3441681e-fb36-491e-9084-2d01e8c15621','84043611-274c-5fbc-9c5f-cf8bf7fd12a6','cadastrado',250,5,'2026-06-20',null),
('e6aa8aeb-88f0-4574-8b03-cf49d6657bf3','84043611-274c-5fbc-9c5f-cf8bf7fd12a6','cadastrado',250,5,'2026-06-20',null),
('e513828b-cbf8-44a1-b3de-9c3e354cff7f','84043611-274c-5fbc-9c5f-cf8bf7fd12a6','cadastrado',250,5,'2026-06-20',null),
('e933eb27-886d-4e11-a621-4eda651a7c0c','84043611-274c-5fbc-9c5f-cf8bf7fd12a6','cadastrado',250,5,'2026-06-20',null),
('a6055a92-ec8f-4ff1-a6b2-9807843f8547','84043611-274c-5fbc-9c5f-cf8bf7fd12a6','cadastrado',250,5,'2026-06-20',null),
('c4f41400-1932-4d97-b490-5bd31f803f8c','84043611-274c-5fbc-9c5f-cf8bf7fd12a6','cadastrado',250,5,'2026-06-20',null),
('aa7a5f79-5d58-4688-aa45-4e084d26f26c','84043611-274c-5fbc-9c5f-cf8bf7fd12a6','cadastrado',250,5,'2026-06-20',null),
('9b00760c-ac06-4495-89b9-1393321d7261','84043611-274c-5fbc-9c5f-cf8bf7fd12a6','cadastrado',250,5,'2026-06-20',null),
('66b88f4f-babe-4c22-85da-1f7be777409f','84043611-274c-5fbc-9c5f-cf8bf7fd12a6','cadastrado',250,5,'2026-06-20',null),
('592cfb92-d8ac-4d6b-a225-f68b16f87d6e','84043611-274c-5fbc-9c5f-cf8bf7fd12a6','cadastrado',250,5,'2026-06-20',null),
('861218f5-f141-4a78-ba6d-338801da3f48','84043611-274c-5fbc-9c5f-cf8bf7fd12a6','cadastrado',250,5,'2026-06-20',null),
('da63b55d-6456-4bab-b8c6-803816a3bc0c','84043611-274c-5fbc-9c5f-cf8bf7fd12a6','cadastrado',250,5,'2026-06-20',null),
('3de84af7-733f-4909-9978-83f5ef08283c','84043611-274c-5fbc-9c5f-cf8bf7fd12a6','cadastrado',250,5,'2026-06-20',null),
('61aff998-2c6e-4ae9-8545-2d8c9ffdbdd4','84043611-274c-5fbc-9c5f-cf8bf7fd12a6','cadastrado',250,5,'2026-06-20',null),
('547abb3f-babb-44cf-8101-ca116eed5e52','84043611-274c-5fbc-9c5f-cf8bf7fd12a6','cadastrado',250,5,'2026-06-20',null),
('3a1bfa67-4ee8-4987-a6ee-cbdbedff6506','84043611-274c-5fbc-9c5f-cf8bf7fd12a6','cadastrado',250,5,'2026-06-20',null),
('37fc6642-7994-4ed2-9416-91fbcdd94d95','84043611-274c-5fbc-9c5f-cf8bf7fd12a6','cadastrado',250,5,'2026-06-20',null),
('6d494f3d-9954-469f-8f89-8e699401119b','84043611-274c-5fbc-9c5f-cf8bf7fd12a6','cadastrado',250,5,'2026-06-20',null),
('79fb915a-71cd-40eb-a9a5-e686f281552f','84043611-274c-5fbc-9c5f-cf8bf7fd12a6','cadastrado',250,5,'2026-06-20',null),
('674c6228-f9e6-42ff-8216-6879215fd75b','84043611-274c-5fbc-9c5f-cf8bf7fd12a6','cadastrado',250,5,'2026-06-20',null),
('81b45ab1-52ff-4486-880e-fe1dd41af685','84043611-274c-5fbc-9c5f-cf8bf7fd12a6','cadastrado',250,5,'2026-06-20',null),
('f0bbb90c-22b2-4925-a244-cc2c366c1f4a','84043611-274c-5fbc-9c5f-cf8bf7fd12a6','cadastrado',250,5,'2026-06-20',null),
('b70d19dd-5640-4262-83d1-a4f0fbf50bc6','84043611-274c-5fbc-9c5f-cf8bf7fd12a6','cadastrado',250,5,'2026-06-20',null),
('04396325-7d31-460f-9a41-5f90ca29934c','84043611-274c-5fbc-9c5f-cf8bf7fd12a6','cadastrado',250,5,'2026-06-20',null),
('d408a219-f7b5-49e3-b34b-25212afb3b47','84043611-274c-5fbc-9c5f-cf8bf7fd12a6','cadastrado',250,5,'2026-06-20',null),
('381479b6-a4cf-40b5-be63-953e3b4653c2','84043611-274c-5fbc-9c5f-cf8bf7fd12a6','cadastrado',250,5,'2026-06-20',null),
('0973be84-481d-442e-86cb-af8100036331','84043611-274c-5fbc-9c5f-cf8bf7fd12a6','cadastrado',250,5,'2026-06-20',null),
('cd4c7c55-d9ba-4628-afd0-856d143abb94','84043611-274c-5fbc-9c5f-cf8bf7fd12a6','cadastrado',250,5,'2026-06-20',null),
('a2535d85-6fd3-4718-a13a-926da22560ce','84043611-274c-5fbc-9c5f-cf8bf7fd12a6','cadastrado',250,5,'2026-06-20',null),
('8e18e6a8-0c67-4526-94af-893e74b9e27e','84043611-274c-5fbc-9c5f-cf8bf7fd12a6','cadastrado',250,5,'2026-06-20',null),
('3aaf121a-1da8-4569-9035-a6342605fbcc','84043611-274c-5fbc-9c5f-cf8bf7fd12a6','cadastrado',250,5,'2026-06-20',null),
('6549c678-f3a8-4549-8216-28d9e8517410','84043611-274c-5fbc-9c5f-cf8bf7fd12a6','cadastrado',250,5,'2026-06-20',null),
('e15fbe35-58e3-4474-afea-85ced67d994b','84043611-274c-5fbc-9c5f-cf8bf7fd12a6','cadastrado',250,5,'2026-06-20',null);
alter table oportunidades enable trigger trg_log_pipeline_evento;

-- ---------- Contatos (decisor/gatekeeper quando há) ----------
insert into contatos (conta_id,nome,papel) values
('23683fde-8133-468a-8e2e-4ef041a2765f','Victória','decisor'),
('23683fde-8133-468a-8e2e-4ef041a2765f','Victória','gatekeeper'),
('ebf21c1e-74bb-4daa-9d49-36d50df4e286','Maurício','decisor'),
('f49f1df8-f55a-406e-9fab-5ddfba4eab95','Marcos','decisor'),
('3dbd7647-3244-4c57-88ea-01fbbc4ab928','Marina Salum','decisor'),
('d578547d-079c-4440-9c46-3fe4a77c4e7f','Elias','decisor'),
('5da7cb1d-48e0-4cdc-8bb7-ace8ed2ca951','Eduardo','decisor'),
('4c7f6484-985e-4588-8afe-4ac24d9cb6c3','Marcelo','decisor'),
('4c7f6484-985e-4588-8afe-4ac24d9cb6c3','Silmara','gatekeeper'),
('8df89546-8bad-41b1-87f9-544635c2d5c4','Carla, Pedro Paulo','decisor'),
('8df89546-8bad-41b1-87f9-544635c2d5c4','Carol','gatekeeper'),
('682e5982-10a4-47e2-9ac7-cca34e87658f','Mariana Lisbôa','decisor'),
('7a322d7c-cf79-4791-93bc-7e6a15c28690','André Müller Silva','decisor'),
('92bef19c-5914-4e5f-bae9-7ebea05025a1','Daniel Ribeiro','decisor'),
('cf67e0f2-01e9-4e47-b843-165434c1fc62','Guilherme','decisor'),
('5307504a-88fc-49f3-8657-bd18132e18f8','Fabio','decisor'),
('50286682-140f-41be-aa8f-8aef0ac5b30d','Joana','decisor'),
('e0c83f85-b2dc-4d92-9d62-520438b84bdb','Juliana Oliveira','decisor'),
('569d812c-11ee-45ff-a669-acdf0b4c857a','Patricia','decisor'),
('87a24a5a-1fce-4de3-81e1-a01c4b925354','Amanda','decisor');

-- ---------- Interações (primeiro contato WhatsApp / visita) ----------
insert into interacoes (conta_id,canal_id,tipo,data,resumo,autor) values
('23683fde-8133-468a-8e2e-4ef041a2765f','84043611-274c-5fbc-9c5f-cf8bf7fd12a6','whatsapp','2026-06-13','Primeiro contato via WhatsApp','Nathalia'),
('ebf21c1e-74bb-4daa-9d49-36d50df4e286','84043611-274c-5fbc-9c5f-cf8bf7fd12a6','whatsapp','2026-06-15','Primeiro contato via WhatsApp','Nathalia'),
('f49f1df8-f55a-406e-9fab-5ddfba4eab95','84043611-274c-5fbc-9c5f-cf8bf7fd12a6','whatsapp','2026-06-15','Primeiro contato via WhatsApp','Nathalia'),
('3dbd7647-3244-4c57-88ea-01fbbc4ab928','84043611-274c-5fbc-9c5f-cf8bf7fd12a6','whatsapp','2026-06-15','Primeiro contato via WhatsApp','Nathalia'),
('d578547d-079c-4440-9c46-3fe4a77c4e7f','84043611-274c-5fbc-9c5f-cf8bf7fd12a6','whatsapp','2026-06-18','Primeiro contato via WhatsApp','Nathalia'),
('5da7cb1d-48e0-4cdc-8bb7-ace8ed2ca951','84043611-274c-5fbc-9c5f-cf8bf7fd12a6','whatsapp','2026-06-18','Primeiro contato via WhatsApp','Nathalia'),
('af659f07-aac7-4dc6-9124-4720d607b635','84043611-274c-5fbc-9c5f-cf8bf7fd12a6','whatsapp','2026-06-12','Primeiro contato via WhatsApp','Nathalia'),
('8db105c4-5117-4176-9d14-a7aa8214ebc1','84043611-274c-5fbc-9c5f-cf8bf7fd12a6','whatsapp','2026-06-12','Primeiro contato via WhatsApp','Nathalia'),
('375229da-7329-4910-9313-59eb92be8277','84043611-274c-5fbc-9c5f-cf8bf7fd12a6','whatsapp','2026-06-12','Primeiro contato via WhatsApp','Nathalia'),
('71c28365-5750-4c7a-b39c-e6ebf718e621','84043611-274c-5fbc-9c5f-cf8bf7fd12a6','whatsapp','2026-06-12','Primeiro contato via WhatsApp','Nathalia'),
('013fbba9-6cd7-4b67-8e1c-138744081e19','84043611-274c-5fbc-9c5f-cf8bf7fd12a6','whatsapp','2026-06-12','Primeiro contato via WhatsApp','Nathalia'),
('53f0a932-216a-4ee9-a698-2644c9d574c6','84043611-274c-5fbc-9c5f-cf8bf7fd12a6','whatsapp','2026-06-12','Primeiro contato via WhatsApp','Nathalia'),
('54822477-c8d0-412d-b45f-86c349304dc5','84043611-274c-5fbc-9c5f-cf8bf7fd12a6','whatsapp','2026-06-12','Primeiro contato via WhatsApp','Nathalia'),
('2ecad7e4-24e1-4bb4-aced-60e9de09209f','84043611-274c-5fbc-9c5f-cf8bf7fd12a6','whatsapp','2026-06-12','Primeiro contato via WhatsApp','Nathalia'),
('b4abddfa-7506-4bd3-9c55-921e23a3d9c9','84043611-274c-5fbc-9c5f-cf8bf7fd12a6','whatsapp','2026-06-12','Primeiro contato via WhatsApp','Nathalia'),
('a96e1a3c-a31b-4078-8360-cde65b97f84f','84043611-274c-5fbc-9c5f-cf8bf7fd12a6','whatsapp','2026-06-12','Primeiro contato via WhatsApp','Nathalia'),
('54ad2447-7915-401d-8349-3874e165fa00','84043611-274c-5fbc-9c5f-cf8bf7fd12a6','whatsapp','2026-06-12','Primeiro contato via WhatsApp','Nathalia'),
('4c7f6484-985e-4588-8afe-4ac24d9cb6c3','84043611-274c-5fbc-9c5f-cf8bf7fd12a6','whatsapp','2026-06-12','Primeiro contato via WhatsApp','Nathalia'),
('cb216cf8-aad0-4159-a8b9-576cd11519cc','84043611-274c-5fbc-9c5f-cf8bf7fd12a6','whatsapp','2026-06-12','Primeiro contato via WhatsApp','Nathalia'),
('2de85b66-38be-40bd-9847-3752049b826b','84043611-274c-5fbc-9c5f-cf8bf7fd12a6','whatsapp','2026-06-12','Primeiro contato via WhatsApp','Nathalia'),
('47e4f339-52ed-4a23-8b78-7ce86d789a48','84043611-274c-5fbc-9c5f-cf8bf7fd12a6','whatsapp','2026-06-12','Primeiro contato via WhatsApp','Nathalia'),
('21ec6f03-e817-43b7-a198-1108d7bf96e0','84043611-274c-5fbc-9c5f-cf8bf7fd12a6','whatsapp','2026-06-12','Primeiro contato via WhatsApp','Nathalia'),
('c4ebf714-768c-44e7-8016-5e95c0e5340d','84043611-274c-5fbc-9c5f-cf8bf7fd12a6','whatsapp','2026-06-12','Primeiro contato via WhatsApp','Nathalia'),
('039a2363-3cf9-4551-b95f-66b4e2d40746','84043611-274c-5fbc-9c5f-cf8bf7fd12a6','whatsapp','2026-06-12','Primeiro contato via WhatsApp','Nathalia'),
('7509afd7-f1ee-44c6-8817-0bb1d1331252','84043611-274c-5fbc-9c5f-cf8bf7fd12a6','whatsapp','2026-06-12','Primeiro contato via WhatsApp','Nathalia'),
('50642df8-c68e-4bb5-9e09-a11eb3b270fe','84043611-274c-5fbc-9c5f-cf8bf7fd12a6','whatsapp','2026-06-12','Primeiro contato via WhatsApp','Nathalia'),
('032c2198-8001-40a2-8799-ad688c3e52bd','84043611-274c-5fbc-9c5f-cf8bf7fd12a6','whatsapp','2026-06-12','Primeiro contato via WhatsApp','Nathalia'),
('b01d673f-6acd-40b8-b089-15909bbf74e0','84043611-274c-5fbc-9c5f-cf8bf7fd12a6','whatsapp','2026-06-12','Primeiro contato via WhatsApp','Nathalia'),
('8df89546-8bad-41b1-87f9-544635c2d5c4','84043611-274c-5fbc-9c5f-cf8bf7fd12a6','whatsapp','2026-06-12','Primeiro contato via WhatsApp','Nathalia'),
('4ee08b99-8fce-42b1-ac0f-cf5e8fa06d14','84043611-274c-5fbc-9c5f-cf8bf7fd12a6','whatsapp','2026-06-12','Primeiro contato via WhatsApp','Nathalia'),
('d385dc11-0356-4a53-b2b7-02291a4b74b5','84043611-274c-5fbc-9c5f-cf8bf7fd12a6','whatsapp','2026-06-12','Primeiro contato via WhatsApp','Nathalia'),
('e37ea7f7-c46e-455a-b1a1-79e031618567','84043611-274c-5fbc-9c5f-cf8bf7fd12a6','whatsapp','2026-06-12','Primeiro contato via WhatsApp','Nathalia'),
('37f4463c-6454-409a-bc33-396bdd339719','84043611-274c-5fbc-9c5f-cf8bf7fd12a6','whatsapp','2026-06-12','Primeiro contato via WhatsApp','Nathalia'),
('e5ca0778-e3c9-4b2a-8479-e41ac9b91d73','84043611-274c-5fbc-9c5f-cf8bf7fd12a6','whatsapp','2026-06-12','Primeiro contato via WhatsApp','Nathalia'),
('ec587e6f-68f8-4ac0-8a9a-175526252614','84043611-274c-5fbc-9c5f-cf8bf7fd12a6','whatsapp','2026-06-12','Primeiro contato via WhatsApp','Nathalia'),
('a649cd77-9cd4-40c1-860d-44cca8f65c1a','84043611-274c-5fbc-9c5f-cf8bf7fd12a6','whatsapp','2026-06-12','Primeiro contato via WhatsApp','Nathalia'),
('ff3d329e-6f39-4e03-8f9e-45f4db2292ae','84043611-274c-5fbc-9c5f-cf8bf7fd12a6','whatsapp','2026-06-12','Primeiro contato via WhatsApp','Nathalia'),
('727d9b0d-af2d-4a5c-aeba-3ec184e51297','84043611-274c-5fbc-9c5f-cf8bf7fd12a6','whatsapp','2026-06-12','Primeiro contato via WhatsApp','Nathalia'),
('b5ba6db1-3b8d-44f2-a9fb-1accdf2db31c','84043611-274c-5fbc-9c5f-cf8bf7fd12a6','whatsapp','2026-06-12','Primeiro contato via WhatsApp','Nathalia'),
('d4d80e24-7dfb-433f-8c3b-8e5b2fc245b3','84043611-274c-5fbc-9c5f-cf8bf7fd12a6','whatsapp','2026-06-12','Primeiro contato via WhatsApp','Nathalia'),
('d4b047dd-303c-4180-a4b2-c3bc602f0b7a','84043611-274c-5fbc-9c5f-cf8bf7fd12a6','whatsapp','2026-06-12','Primeiro contato via WhatsApp','Nathalia'),
('da10172d-667a-4749-926f-f0c4d29ec92f','84043611-274c-5fbc-9c5f-cf8bf7fd12a6','whatsapp','2026-06-12','Primeiro contato via WhatsApp','Nathalia'),
('cf5a8e5b-f7ef-45c1-93b7-c41e54e36fb0','84043611-274c-5fbc-9c5f-cf8bf7fd12a6','whatsapp','2026-06-12','Primeiro contato via WhatsApp','Nathalia'),
('73cc521c-891b-4b4f-a5d8-9ad9ba8fe7eb','84043611-274c-5fbc-9c5f-cf8bf7fd12a6','whatsapp','2026-06-12','Primeiro contato via WhatsApp','Nathalia'),
('9e58df08-453d-44f0-9787-aec7ef97b296','84043611-274c-5fbc-9c5f-cf8bf7fd12a6','whatsapp','2026-06-12','Primeiro contato via WhatsApp','Nathalia'),
('71cca416-4674-4d47-bee0-94eedfb170a5','84043611-274c-5fbc-9c5f-cf8bf7fd12a6','whatsapp','2026-06-12','Primeiro contato via WhatsApp','Nathalia'),
('d18b0e4c-3e49-44a8-b073-0a256128c3d9','84043611-274c-5fbc-9c5f-cf8bf7fd12a6','whatsapp','2026-06-20','Primeiro contato via WhatsApp','Nathalia'),
('7eee4973-9f34-4134-9d6d-e549f8655d49','84043611-274c-5fbc-9c5f-cf8bf7fd12a6','whatsapp','2026-06-20','Primeiro contato via WhatsApp','Nathalia'),
('05552cd0-8a0f-4084-b7ce-6cffc37a7aba','84043611-274c-5fbc-9c5f-cf8bf7fd12a6','whatsapp','2026-06-20','Primeiro contato via WhatsApp','Nathalia'),
('0a0e198a-5a99-4313-9621-060fb25eeef7','84043611-274c-5fbc-9c5f-cf8bf7fd12a6','whatsapp','2026-06-20','Primeiro contato via WhatsApp','Nathalia'),
('0e81fb1a-1e74-484f-ab38-4cc4d1c72212','84043611-274c-5fbc-9c5f-cf8bf7fd12a6','whatsapp','2026-06-20','Primeiro contato via WhatsApp','Nathalia');

-- ---------- Tracking semanal: baseline do funil nas DATAS REAIS de contato ----------
-- Daqui pra frente o trigger registra cada mudança de estágio sozinho (data real BRT).
insert into pipeline_eventos (oportunidade_id,canal_id,estagio,data)
  select o.id,o.canal_id,'contatado'::estagio_oport,coalesce(ct.data_primeiro_contato,o.data_entrada_estagio)
    from oportunidades o join contas ct on ct.id=o.conta_id where o.estagio<>'cadastrado'
  union all
  select o.id,o.canal_id,'reuniao'::estagio_oport,coalesce(ct.data_primeiro_contato,o.data_entrada_estagio)
    from oportunidades o join contas ct on ct.id=o.conta_id where o.estagio in ('reuniao','proposta','negociacao','fechado_ganho')
  union all
  select o.id,o.canal_id,'fechado_ganho'::estagio_oport,coalesce(ct.data_primeiro_contato,o.data_entrada_estagio)
    from oportunidades o join contas ct on ct.id=o.conta_id where o.estagio='fechado_ganho';

commit;

-- Snapshot inicial do tracking semanal (daqui pra frente o pg_cron captura toda
-- sexta 18h BRT; a UI também tem "Capturar agora").
select capturar_snapshot_semanal('baseline');

-- Verificação rápida (rode no SQL editor):
-- select 'canais',count(*) from canais union all select 'contas',count(*) from contas
--   union all select 'oportunidades',count(*) from oportunidades
--   union all select 'pipeline_eventos',count(*) from pipeline_eventos;
